app_temp,azimuth,clouds,dewpt,dhi,dni,elev_angle,ghi,precip_rate,pres,rh,slp,snow_rate,solar_rad,temp,uv,vis,wind_dir,wind_gust_spd,wind_spd,Broken clouds,Clear Sky,Few clouds,Fog,Haze,Heavy rain,Light rain,Moderate rain,Overcast clouds,Scattered clouds,Thunderstorm with heavy rain,timestamp
13.518686,204.2989,50.59921,10.280607,15.586789,144.99959,-46.163887,40.43205,-0.31554455,1016.1437,79.93252,1023.0861,0.0030543425,61.415344,0.34026194,13.83668,139.71758,7.5451574,7.5692706,0.36198416,-0.56365615,0.3544236,-0.4948724,-0.16388702,-0.0143730845,0.35577637,-0.038825028,0.052970964,0.14921565,-0.018425355,13.507237,2023-05-18 00:00:00
13.376717,237.8175,54.507545,10.089721,12.780507,112.194984,-44.193077,47.711124,-0.8779468,1016.0203,78.615654,1023.1442,0.0011287965,50.246662,0.17648089,13.264261,141.95877,7.6545787,7.583177,0.46427098,-0.44024366,0.3473336,-0.4030634,-0.108356416,-0.009496761,0.2004927,-0.040351715,0.23095013,0.040909585,-0.021810453,13.462933,2023-05-18 00:15:00
13.219576,231.66245,53.823868,9.937188,8.633597,73.69964,-41.49695,49.336773,-0.5308098,1016.0299,77.930786,1023.22626,0.0036150815,50.786686,0.22078842,13.406903,145.9094,7.64562,7.604333,0.4624764,-0.50513566,0.3978528,-0.452317,-0.06387162,-0.0025287678,0.14971331,-0.019975,0.22901474,0.018446203,-0.014010057,13.291378,2023-05-18 00:30:00
13.022705,213.28214,53.019394,9.9269495,8.535445,62.454586,-39.368034,45.3326,-0.21877936,1016.0294,77.947136,1023.3905,-0.001272589,48.77399,0.29590216,13.200282,146.25703,7.5149674,7.4082565,0.43353468,-0.6138915,0.44775608,-0.48676425,-0.012522452,0.0083111925,0.12578785,-0.0106911585,0.20674437,0.04565729,-0.0037415198,13.116671,2023-05-18 00:45:00
13.075914,210.24982,53.13429,9.885345,11.144023,79.58463,-35.435337,58.444424,-0.31011486,1016.10364,78.80835,1023.48145,0.0033317246,50.211956,0.343432,12.776288,147.06584,7.6030226,7.547732,0.3177724,-0.67180747,0.4809625,-0.5098505,-0.0135364905,0.0050505362,0.12659875,-0.01070361,0.22636606,0.06918286,-5.531523e-05,13.0378895,2023-05-18 01:00:00
13.087828,205.9307,53.99264,9.979018,13.084096,112.555214,-34.109142,54.168262,-0.6367194,1016.1158,78.92194,1023.3724,0.0043818196,40.713543,0.32776225,12.354675,143.43132,7.58505,7.510129,0.21490423,-0.6263177,0.47627905,-0.401724,-0.14537218,-0.001887766,0.12241473,-0.01721412,0.2674402,0.080783986,0.0019081961,12.97944,2023-05-18 01:15:00
13.345757,207.85956,54.646614,10.092738,16.658022,146.72594,-33.352955,55.931957,-0.6321323,1016.08636,78.64385,1023.23004,0.0051471842,41.56197,0.30791214,12.260184,145.0762,7.5718775,7.5000625,0.17666933,-0.60096425,0.45926294,-0.34399763,-0.1701059,-0.00472774,0.1332396,-0.021048708,0.28259128,0.1003156,0.013704464,13.246027,2023-05-18 01:30:00
13.439477,203.30542,54.691475,10.160033,17.912521,155.60452,-35.173763,51.36455,-0.42027068,1016.1676,78.302345,1023.2551,0.0030158388,41.46635,0.27940488,12.193755,147.1103,7.382375,7.3122,0.15441602,-0.71240926,0.4876995,-0.3498635,-0.14427231,-0.0041293674,0.15229768,-0.027364977,0.28322187,0.119455814,0.019539297,13.379371,2023-05-18 01:45:00
13.414912,190.21016,54.40528,10.092702,16.22036,134.05821,-36.580048,43.325512,-0.3204922,1016.31934,78.27248,1023.3647,0.0002867261,34.32915,0.27761418,11.88982,152.35844,7.072456,7.060562,0.15584466,-0.7511326,0.5079856,-0.2518798,-0.11237143,-0.008268211,0.13957231,-0.033416685,0.3000459,0.110145785,0.025899913,13.414789,2023-05-18 02:00:00
13.439972,176.34799,53.036774,10.0005245,14.001586,109.045296,-36.149048,39.57326,-0.3980744,1016.45447,77.96646,1023.47314,-0.0062467437,35.594196,0.3318981,12.028665,167.94261,6.912017,6.9654727,0.14069521,-0.6477075,0.5304855,-0.26735932,-0.094849885,-0.01105503,0.109937035,-0.024498012,0.31751746,0.061357614,0.02885085,13.37619,2023-05-18 02:15:00
13.263198,161.9415,51.799095,10.059065,11.311889,104.48235,-37.76006,30.90166,-0.65969425,1016.62683,79.21804,1023.71594,-0.0010621364,35.548786,0.3176857,12.268616,175.58911,6.7720103,6.9203267,0.11765542,-0.6898714,0.57646275,-0.33385044,-0.221163,-0.011393423,0.12571314,-0.024880392,0.30877972,0.08739137,0.013911532,13.136581,2023-05-18 02:30:00
13.265017,150.56158,49.16052,10.172796,11.091971,90.01792,-37.69006,32.981686,-0.8221509,1016.9536,80.3903,1023.8809,0.0004248747,34.064518,0.29556072,13.016951,166.84503,6.719705,6.8206744,0.10538905,-0.7587725,0.633652,-0.25122517,-0.19592193,-0.021165423,0.14262728,-0.03349726,0.27467036,0.07711669,0.013477339,13.272139,2023-05-18 02:45:00
13.485058,143.18768,49.30469,10.141527,11.86008,94.338295,-38.846115,40.087597,-1.0252867,1017.1779,79.337845,1023.99963,-0.0013703638,29.404993,0.24231291,14.410584,167.59923,6.6860533,6.7174115,0.005030089,-0.73897994,0.6585314,-0.2159426,-0.03781177,-0.026240598,0.12406972,-0.0356742,0.3075592,0.04330067,0.015853366,13.424407,2023-05-18 03:00:00
13.582105,133.48347,49.154675,10.190168,10.830674,109.75291,-34.119873,29.811497,-1.1833416,1017.15985,79.062325,1024.1602,0.0030666343,28.353205,0.22787058,14.092642,157.21617,6.6217494,6.6436043,-0.019419558,-0.6377297,0.6749648,-0.22978693,0.14011985,-0.027949335,0.10336037,-0.0369719,0.3067056,0.053330448,0.012507605,13.499597,2023-05-18 03:15:00
13.586321,139.0547,50.641735,10.257728,10.745778,110.73791,-33.578274,28.058529,-1.1991062,1017.14105,78.91809,1024.0952,-0.00041128523,28.748781,0.19875562,13.121151,158.1741,6.2213697,6.3831997,0.092943124,-0.5950372,0.6337461,-0.26939407,0.14152242,-0.031136947,0.08901672,-0.03561095,0.31942746,0.0039589074,0.012169741,13.625143,2023-05-18 03:30:00
13.48822,142.18,50.87679,10.235657,8.050166,76.25106,-32.7982,29.760075,-1.2255963,1017.06006,79.22142,1024.0817,0.0026464104,36.007915,0.24166387,12.903782,165.44743,5.6223736,5.947076,0.15696967,-0.5711311,0.62306315,-0.37825885,0.12253414,-0.031311296,0.077597566,-0.031849246,0.31594366,-0.0030775848,0.015923217,13.501584,2023-05-18 03:45:00
13.362242,133.44286,50.524357,10.178562,6.3350496,56.587734,-32.960625,30.491581,-1.2033052,1016.9658,79.32627,1024.0309,0.0029151123,42.929432,0.32233888,13.299054,165.18396,5.4972944,5.855644,0.18615106,-0.54201066,0.64665675,-0.35097945,0.1063775,-0.026288958,0.038507342,-0.029545067,0.315888,-0.05195384,0.021054976,13.397376,2023-05-18 04:00:00
13.197481,130.74486,50.36354,10.234908,6.78592,60.98028,-32.466255,28.872425,-0.97382766,1017.1053,80.8865,1024.1141,0.0009918547,43.278454,0.3048511,12.951851,159.13263,5.3414574,5.6881785,0.25395393,-0.47784492,0.62715113,-0.32231307,0.15335424,-0.022396892,0.030944508,-0.026257716,0.29514045,-0.090800464,0.024074653,13.248984,2023-05-18 04:15:00
13.071422,127.33478,52.51359,10.326659,8.349578,74.82076,-30.904444,28.77818,-0.96722955,1017.18945,82.3899,1024.1884,-7.2756666e-07,38.551807,0.23298615,12.679003,157.65025,5.091434,5.4251885,0.27947873,-0.42852998,0.61383426,-0.34641925,0.06703856,-0.022713149,0.022919117,-0.022812387,0.34747255,-0.12218323,0.025190715,13.068338,2023-05-18 04:30:00
13.043,118.57092,54.353027,10.392648,8.914266,87.606575,-29.495178,25.29868,-1.0222617,1017.2133,83.48448,1024.1996,0.0013721196,34.51144,0.22143638,12.653542,163.15173,5.070461,5.342097,0.25988036,-0.3824129,0.591207,-0.38571084,0.0008865504,-0.026676102,0.0077097723,-0.017095238,0.42030507,-0.13204172,0.022871442,12.941969,2023-05-18 04:45:00
13.121035,112.83421,53.91565,10.437391,6.505643,67.04983,-29.200788,28.007404,-0.9344484,1017.25146,83.95979,1024.2019,0.0025759633,35.015102,0.25246006,12.566084,172.04324,5.2478666,5.4278374,0.27255037,-0.35864478,0.564838,-0.3796585,0.0020781627,-0.026253158,-0.010353896,-0.010561991,0.42341274,-0.10406381,0.023016654,12.981249,2023-05-18 05:00:00
13.103745,108.023605,54.916103,10.479042,3.1129732,21.973246,-28.633755,28.150455,-0.89897853,1017.2324,84.492615,1024.2458,0.004366262,31.906832,0.2889158,12.034309,180.81413,5.412595,5.564237,0.26417124,-0.35090727,0.4990814,-0.2970429,0.118879646,-0.025862215,-0.01496338,-0.012639305,0.41169664,-0.039977375,0.024123909,13.001563,2023-05-18 05:15:00
13.033018,113.13395,57.163464,10.440673,3.1273127,18.951609,-28.095627,21.922207,-1.0351539,1017.2427,84.45291,1024.4084,0.0007504806,22.135767,0.32939848,12.03894,185.35286,5.2797728,5.4793386,0.19907083,-0.36307293,0.42965937,-0.19206722,0.22257489,-0.024927037,-0.030499332,-0.015359571,0.42121547,0.03437407,0.022816313,12.952151,2023-05-18 05:30:00
12.999162,118.18381,53.572838,10.334736,4.7778673,30.825525,-28.940481,21.878063,-1.1186373,1017.3215,83.371414,1024.5032,-0.003247052,25.503855,0.338883,12.878835,199.78229,5.1038127,5.310028,0.15913737,-0.32317275,0.4247665,-0.19472001,0.07910966,-0.017016651,-0.057787225,-0.014270764,0.4002747,0.106998704,0.021103822,12.940939,2023-05-18 05:45:00
13.090404,130.8908,49.175117,10.262957,4.8192873,26.868967,-29.2486,22.517117,-1.0975688,1017.2653,82.3223,1024.4429,-0.0014114473,25.310625,0.3180097,12.899198,191.2949,5.292391,5.282444,0.19311889,-0.30963022,0.45885095,-0.27518213,0.18839669,-0.0039497204,-0.06909924,-0.012786852,0.36437443,0.13324592,0.028228158,13.033258,2023-05-18 06:00:00
13.240269,134.53157,48.33841,10.281161,5.054078,28.282282,-27.012243,30.487904,-1.2566336,1017.36304,82.36869,1024.4592,0.00022818676,23.515818,0.30751735,12.687425,196.16241,5.296701,5.227623,0.27360788,-0.3047717,0.4615393,-0.20866391,0.27424675,-0.0079668835,-0.07355842,-0.006508019,0.33040473,0.115247935,0.026243804,13.133396,2023-05-18 06:15:00
13.447439,136.25996,47.721977,10.317259,5.2186594,33.061077,-25.821287,36.025585,-1.4360814,1017.3697,81.620804,1024.4309,-0.00018611248,24.92254,0.2795635,13.458661,198.99146,5.4327974,5.2728877,0.29350135,-0.30417454,0.48091465,-0.11767561,0.20913655,-0.016057465,-0.061357893,-0.0020218722,0.30444452,0.084575,0.021027973,13.320209,2023-05-18 06:30:00
13.608712,132.14644,47.63086,10.374146,6.23384,48.931927,-25.757679,36.45499,-1.60655,1017.3103,81.33136,1024.3633,6.191505e-05,30.622812,0.30536702,14.568737,198.8347,5.4194393,5.2332516,0.23886184,-0.25952813,0.46312094,0.00024415553,0.09678366,-0.01966932,-0.04791084,-0.005087153,0.3040871,0.10160027,0.011416569,13.459222,2023-05-18 06:45:00
13.74719,128.39018,50.6441,10.485171,7.852254,65.91085,-24.92967,27.407658,-1.7795945,1017.2369,82.051,1024.2141,0.002959596,32.215244,0.43507573,14.452737,199.42441,5.191434,5.030231,0.25878826,-0.28002453,0.4103368,0.10483107,0.008631349,-0.016546424,-0.031477936,-0.013081947,0.3370377,0.085844055,0.0029372107,13.58983,2023-05-18 07:00:00
13.734843,126.57678,53.593685,10.528337,11.916791,94.676384,-22.989323,21.83427,-1.9434737,1017.1014,82.79094,1024.016,0.0026741172,34.883533,0.6271586,12.387499,205.34703,4.840533,4.7002473,0.33332384,-0.37286144,0.34491014,0.1774916,-0.12831756,-0.010605514,-0.03458166,-0.020491628,0.34861237,0.09505427,-6.392857e-05,13.5788145,2023-05-18 07:15:00
13.729443,113.45419,53.197033,10.506118,16.924755,137.59796,-21.822933,37.288563,-1.9907118,1016.97833,82.59875,1023.83575,-0.0019965186,48.925846,0.6893224,11.927064,203.24878,4.616296,4.5830736,0.38115948,-0.39102435,0.34534627,0.19523896,-0.07822838,-0.010032963,-0.06355617,-0.025600959,0.37274402,0.0600422,0.0012793927,13.540059,2023-05-18 07:30:00
13.61348,100.42749,54.488716,10.447668,20.266834,169.44589,-22.017216,59.70882,-2.0078254,1016.9338,82.441185,1023.8324,-0.0030583688,67.68557,0.68518883,12.396753,202.28674,4.4842753,4.481486,0.39756227,-0.3388967,0.31916544,0.22329952,-0.0155447945,-0.007548645,-0.095620625,-0.024090853,0.40380383,0.083404906,0.0037290773,13.422253,2023-05-18 07:45:00
13.525311,96.27948,55.098305,10.387386,22.66846,194.13101,-23.4032,83.785416,-2.0197446,1016.88654,81.95006,1023.8613,-0.0022072326,87.817986,0.6654661,12.920799,202.29797,4.396226,4.3897667,0.38944215,-0.23472096,0.28965643,0.17296404,-0.034339674,-0.0030215036,-0.10312692,-0.02284649,0.38842207,0.112008125,0.002004383,13.379175,2023-05-18 08:00:00
13.59508,96.816055,54.81063,10.366932,23.846567,200.96826,-24.82286,98.27309,-1.9441892,1016.7863,81.51731,1023.77246,-0.001369419,98.61529,0.6373299,13.196465,206.61671,4.712211,4.661662,0.3701087,-0.1885923,0.27318263,0.108333446,-0.024918288,0.001497261,-0.09980156,-0.02238098,0.39595893,0.1029631,2.2707482e-05,13.464738,2023-05-18 08:15:00
13.701898,97.888214,55.355556,10.384872,24.974285,209.25482,-26.2307,104.81514,-1.8635606,1016.76227,81.150276,1023.80676,0.0028271086,109.27065,0.59267044,14.002421,216.59732,5.139308,5.0285645,0.41908297,-0.14749274,0.27996558,-0.011218755,-0.0030878466,0.0035101844,-0.10091456,-0.020759813,0.41707888,0.06310809,-0.0022662093,13.53885,2023-05-18 08:30:00
13.863526,104.787094,55.400047,10.3813925,25.936058,221.90204,-27.096756,110.33224,-1.916185,1016.7839,79.70243,1023.94305,0.0033125246,124.37799,0.62854785,14.499499,220.50291,5.4115257,5.290171,0.5089431,-0.12059948,0.27551317,-0.13437933,0.010218777,-0.0003961828,-0.1081161,-0.021230185,0.39051107,0.05320136,-0.0010380966,13.736961,2023-05-18 08:45:00
13.994411,111.54177,56.222553,10.361639,27.485643,243.7878,-30.210062,118.42587,-2.1295168,1016.7819,78.49383,1023.9544,-0.0012046876,132.89055,0.6557194,13.390286,223.25505,5.5924573,5.4441767,0.5662131,-0.12486701,0.2056271,-0.12388972,0.08478332,0.0024000222,-0.12393629,-0.022436298,0.39443094,0.0748589,-0.002928035,13.926837,2023-05-18 09:00:00
14.163046,106.00249,56.39228,10.396653,29.74143,257.94534,-26.935486,121.46482,-2.1692395,1016.53894,77.75916,1023.5859,0.0010825447,146.75256,0.66280735,13.287165,213.41498,5.9520116,5.8346868,0.5582218,-0.09178383,0.20686223,-0.025236681,0.03644292,0.009852326,-0.14530271,-0.017307928,0.4049917,0.073400654,-0.0025785675,14.142088,2023-05-18 09:15:00
14.174806,101.99493,57.09411,10.376132,29.459658,247.82443,-25.911396,132.82063,-1.9182404,1016.53546,77.61929,1023.42346,0.0020080288,151.29523,0.7357943,13.18713,201.9447,6.2226152,6.083857,0.4738182,-0.07161403,0.20445573,0.03192336,-0.037619118,0.012313354,-0.15326895,-0.013347425,0.4258718,0.097310774,0.002954375,14.159972,2023-05-18 09:30:00
14.159617,102.41735,57.215492,10.32283,27.91872,233.07367,-23.089905,143.58185,-1.7830158,1016.5942,77.28282,1023.3496,0.0007528041,149.27565,0.8087688,12.715382,191.49995,6.4903464,6.4189067,0.4037853,-0.08392292,0.20218657,0.019821126,-0.009805709,0.008313155,-0.12480173,-0.012343382,0.4162389,0.12180204,0.0026106038,14.145937,2023-05-18 09:45:00
14.215202,98.00856,55.852455,10.288857,26.223934,213.06255,-19.614723,145.97824,-1.5722188,1016.4895,76.71948,1023.2498,0.00021160871,145.00763,0.88210565,12.713185,190.85733,6.937879,6.781815,0.3733699,-0.06728063,0.22417459,-0.010045871,0.06212853,0.0011750993,-0.056555174,-0.009993018,0.3678978,0.09701332,-0.002724063,14.223775,2023-05-18 10:00:00
14.306459,80.375175,54.365852,10.258724,25.073563,200.7074,-17.025234,145.7029,-1.2185433,1016.3237,76.19689,1023.2773,0.0022194828,141.83113,0.95360154,13.322517,200.8768,7.2268305,7.020886,0.31920716,-0.033857193,0.255526,0.009805381,0.12584941,-0.0038307419,-0.008036713,-0.004661276,0.34528932,0.104001634,-0.003991794,14.316102,2023-05-18 10:15:00
14.398217,57.472443,53.98293,10.223023,24.807104,196.72797,-15.466757,139.5294,-1.0435673,1016.32684,75.722404,1023.3839,0.0019481161,143.51744,0.9979359,13.496923,213.53502,7.322901,7.1827555,0.26155883,-0.03289506,0.24409562,0.045629844,0.17441624,-0.005117329,-0.0021156846,-0.0033721176,0.35630473,0.15390669,-0.00086645246,14.383168,2023-05-18 10:30:00
14.542652,50.464333,53.91444,10.175651,26.065619,204.34955,-15.5655155,140.0314,-1.0463228,1016.21313,74.77333,1023.3476,0.00288318,148.01442,0.9706027,13.124137,223.17656,7.5200562,7.3544445,0.25478467,-0.0484125,0.23056282,0.086749256,0.28603226,-0.0021081485,0.009825666,-0.007776443,0.3431546,0.16915728,0.00033345653,14.4974165,2023-05-18 10:45:00
14.639379,62.86975,56.922073,10.112245,28.568007,225.85329,-17.336077,151.17609,-1.2577045,1016.0732,73.700264,1023.3198,0.0031709329,146.59184,0.9085867,12.45957,229.88449,7.8916397,7.663187,0.27105883,-0.048631635,0.17684601,0.21667564,0.36774975,-0.001240541,0.008450356,-0.010407833,0.36630684,0.16534668,-0.00705768,14.569843,2023-05-18 11:00:00
14.586113,108.61768,59.779373,9.970406,31.615837,253.17386,-17.459679,160.07286,-1.20883,1015.9023,72.67406,1023.2301,0.001336467,153.44029,0.91191465,11.827717,241.68816,8.0528555,7.843719,0.30453658,-0.027053438,0.10552368,0.39641833,0.47816196,-0.009875724,0.0094913775,-0.00014567681,0.36672112,0.16276243,-0.011141135,14.555257,2023-05-18 11:15:00
14.588714,155.90996,60.542126,9.844843,34.683075,281.99857,-15.923048,170.70642,-1.0114063,1015.5952,71.58112,1022.9014,-0.00031431305,167.52579,0.9394139,11.992547,243.48378,8.210015,8.040256,0.25386313,-0.08568137,0.10047527,0.5039328,0.34285694,-0.006855895,0.023170318,0.012034717,0.36781594,0.19388461,-0.011114809,14.641245,2023-05-18 11:30:00
14.70853,226.78925,58.7246,9.871456,34.309273,277.85785,-14.459125,176.9504,-0.71136254,1015.31067,71.3072,1022.4089,0.0013299624,179.86003,0.99474823,12.334092,239.328,8.661762,8.472925,0.22016512,-0.14634961,0.18414253,0.5796581,0.43558434,0.0001232328,0.040993817,0.008207579,0.33632326,0.18551353,-0.0014894891,14.8122635,2023-05-18 11:45:00
14.8221245,283.56873,57.190784,9.963987,30.42444,240.94673,-13.338336,170.13657,-0.6152515,1015.34656,71.34205,1022.28375,0.0021501442,182.94356,1.0147102,12.520136,224.34644,9.134211,8.866981,0.23742013,-0.12630105,0.23580423,0.47302762,0.47432932,0.002207414,0.07323129,0.0014751968,0.29257676,0.12782872,-0.0016754649,14.931447,2023-05-18 12:00:00
14.860581,303.09293,57.563435,9.992367,30.26245,236.52533,-11.054726,168.89232,-0.76949567,1015.3215,71.414604,1022.1819,0.00042733073,185.64375,1.0314357,12.807394,220.96045,9.246551,8.943048,0.21493399,-0.09935058,0.2633576,0.36028033,0.5907077,-0.007575564,0.09108649,-8.5831416e-05,0.3160751,0.07778219,-0.0063443547,15.010929,2023-05-18 12:15:00
14.864434,313.3179,57.638794,9.978907,28.971348,228.33556,-9.933035,156.75197,-1.0353492,1015.1384,71.18017,1022.0195,0.0022009783,176.72655,1.0108416,13.08749,215.93552,9.181815,8.9679785,0.20225309,-0.028295651,0.2910265,0.19437294,0.873691,-0.010869755,0.090319075,-0.008531051,0.34220502,0.0099671595,-0.008229246,15.028354,2023-05-18 12:30:00
14.871563,321.72177,56.911415,10.010015,27.972916,222.39098,-9.788749,146.88939,-0.9264465,1015.1185,71.6566,1021.92957,0.00045580516,170.05641,1.0033731,13.261155,212.55327,9.203771,8.969302,0.17298515,0.051279068,0.33071095,0.050352015,1.0346595,-0.0035314194,0.07781411,-0.0059137866,0.34039822,-0.055074353,-0.0025918728,14.987498,2023-05-18 12:45:00
14.8067,310.2031,56.84006,9.984959,29.533709,231.86537,-9.211815,142.22705,-0.7619923,1015.13837,71.91078,1021.98566,-0.0018970232,165.64282,0.9984134,12.967329,211.34691,9.179897,9.020063,0.09626179,0.13999748,0.35100162,0.0494101,1.2368698,0.0020835283,0.06788817,-0.0028956186,0.37611815,-0.05999786,0.00014935617,14.945262,2023-05-18 13:00:00
14.742514,308.46814,55.859077,9.903099,29.697224,234.62048,-8.97136,132.09653,-0.7502263,1015.06775,71.68753,1021.9517,-0.002008685,161.21584,0.9832737,12.67527,213.78656,9.380136,9.305831,0.0863628,0.16914837,0.3441873,0.014263989,1.2038788,-0.0018368701,0.06231848,-0.0022335567,0.36691386,-0.009541351,0.0039017878,14.904255,2023-05-18 13:15:00
14.759726,310.7418,57.238884,9.883025,29.372688,243.55359,-10.586639,133.78288,-0.40481126,1014.96606,71.19281,1021.86176,-0.002949962,155.03314,0.8763592,12.210361,219.08159,9.830909,9.773142,0.09024536,0.1570074,0.2981949,0.047127776,0.84143776,-0.008359183,0.08848374,-2.2746415e-05,0.37675795,0.0006483015,0.008762204,14.959279,2023-05-18 13:30:00
14.888534,312.14075,57.361214,9.890543,30.430225,258.60294,-13.442984,136.98404,0.02548819,1014.86615,70.40667,1021.8015,0.0024720759,145.07976,0.7433922,12.439365,226.55847,10.113336,10.024741,0.08676904,0.26556912,0.26834235,0.041589946,0.85738885,-0.002070137,0.11808405,-0.0012421885,0.3800884,-0.031874496,0.010554574,15.07622,2023-05-18 13:45:00
15.004579,291.87054,55.89625,9.888169,32.666084,280.84152,-17.451807,136.42796,0.20693749,1014.87305,69.99373,1021.8717,0.00079051784,139.0104,0.67614496,12.807615,235.69179,10.525111,10.3353195,0.08237212,0.41004694,0.24409634,0.15036027,0.83347166,0.010369061,0.12377166,-0.00080879615,0.35431176,-0.046542604,0.007370568,15.187541,2023-05-18 14:00:00
15.038015,279.6368,54.84258,9.933257,33.528805,297.44254,-20.368671,128.19441,0.38351688,1014.80786,70.34193,1021.8534,-0.0033859347,133.81468,0.6454738,12.928049,242.90866,10.886606,10.573387,0.02616375,0.5237805,0.2362696,0.25451645,0.8137911,0.015338168,0.14775293,0.0039703986,0.33482018,-0.048376653,0.0025845643,15.218144,2023-05-18 14:15:00
15.016072,263.71527,54.836697,10.023309,33.737965,309.6883,-22.879482,114.578026,0.504856,1014.8658,71.183586,1021.94995,0.0015228924,130.71857,0.63909286,13.428242,249.7166,10.772525,10.434452,-0.022756793,0.45633426,0.26977062,0.22243042,0.7157329,0.010714266,0.17174959,0.0144762285,0.30791125,-0.005738992,-0.00021629877,15.120207,2023-05-18 14:30:00
14.893454,258.6778,54.668594,10.015915,33.614883,308.4646,-24.370535,97.68947,0.573081,1015.005,71.88249,1022.01843,0.0021014963,117.95731,0.6482805,13.686653,245.3026,10.508015,10.306492,-0.043210424,0.5020004,0.2870374,0.16577451,0.6644587,0.0052845683,0.17737874,0.023153752,0.2986229,-0.019918326,0.0007976396,15.027231,2023-05-18 14:45:00
14.787409,253.79489,54.228054,9.987764,31.79384,296.0935,-27.000128,81.07127,0.5986356,1015.1374,72.882515,1022.0406,-0.00078891567,96.95328,0.6008301,13.798307,238.68073,10.21032,10.060006,-0.037211902,0.51789486,0.27004045,0.17064747,0.7088387,0.0090383515,0.18086578,0.027777713,0.2737055,-0.02552988,-0.00045433387,14.893791,2023-05-18 15:00:00
14.648101,238.8033,54.91771,9.990813,28.248663,263.68008,-23.348545,60.902874,0.5575707,1015.26294,73.83439,1021.995,0.0009133379,69.82065,0.5227556,13.735818,236.02321,10.153685,10.059546,0.020180754,0.49497068,0.26388335,0.10664898,0.9260478,0.016048484,0.1852038,0.03462398,0.2639265,-0.04955103,-0.00702901,14.719017,2023-05-18 15:15:00
14.450558,229.20016,55.62368,9.949597,25.355175,237.70276,-22.855846,51.41965,0.88959736,1015.2772,74.65815,1022.03375,0.0009972211,53.96628,0.52371854,14.107231,245.3412,10.237919,10.082824,-0.024455287,0.41073462,0.2884372,0.100826226,1.0495588,0.018136,0.20593673,0.042759437,0.26810217,-0.058762435,-0.010542714,14.480791,2023-05-18 15:30:00
14.268573,216.56085,55.854187,9.880525,26.024664,243.74571,-22.979597,47.903484,1.2383006,1015.33,74.54963,1022.1926,-0.00033451934,49.671085,0.5314255,13.529002,251.41968,10.083658,9.868052,-0.051074393,0.37729436,0.29836845,0.20216972,0.77399063,0.016686805,0.20663974,0.03867535,0.28076458,-0.069007844,-0.00522484,14.29524,2023-05-18 15:45:00
14.146993,214.19029,57.126705,9.852687,22.95162,205.65855,-23.897312,43.438618,1.0364943,1015.46954,74.47517,1022.4585,-0.0015293116,46.840626,0.6393554,11.805167,260.1865,10.088176,9.858963,0.028831564,0.36327797,0.24114926,0.18187627,0.4866433,0.019723674,0.1827595,0.030054282,0.29069188,-0.0137178935,-0.0003315397,14.172574,2023-05-18 16:00:00
14.145473,208.41211,58.908943,9.864655,16.083303,125.36318,-24.457518,39.169254,1.3317393,1015.3077,74.65538,1022.38684,0.0004402523,44.238903,0.7700571,12.078024,265.9437,10.181564,9.980268,0.06976857,0.31474838,0.2205406,0.12465671,0.31826025,0.027752087,0.18552896,0.029128462,0.29996526,-0.004999894,0.00073848665,14.139336,2023-05-18 16:15:00
14.042059,199.44075,59.048157,9.874039,10.12461,58.19476,-24.011843,28.128292,1.312741,1015.283,75.218765,1022.3746,0.0020567812,41.22067,0.7632624,12.237669,268.12848,9.725007,9.574025,0.12721822,0.3358069,0.20370802,0.0014901771,0.36387706,0.03187264,0.16007163,0.03191724,0.30563423,-0.005299184,-0.0025200977,14.048854,2023-05-18 16:30:00
13.922133,187.88347,58.477417,9.9060135,5.9632864,30.460932,-24.824808,22.757809,1.3534131,1015.2541,75.753395,1022.43,0.0014653251,37.339855,0.5862217,12.488571,268.78232,9.286531,9.203226,0.08102467,0.3781903,0.20200679,-0.13626063,0.39882624,0.034633595,0.1723522,0.02954787,0.2838904,0.035470556,-0.0041954783,13.905028,2023-05-18 16:45:00
13.858104,191.41139,56.713062,9.926365,2.7596254,10.668223,-25.81964,25.967571,1.1277452,1015.22235,75.921196,1022.4492,-0.0008951964,44.593838,0.496216,12.916073,271.1884,9.1505375,9.110875,-0.024626382,0.31018418,0.23805848,-0.095747344,0.4079455,0.027876986,0.1779365,0.031380873,0.27215168,0.09387815,-0.0051003825,13.803448,2023-05-18 17:00:00
13.786493,188.14069,55.018345,9.917559,-0.13209067,-19.164602,-26.448305,32.437,1.2940778,1015.19604,76.43305,1022.4863,0.0006662784,48.122158,0.50295675,13.29679,278.74533,8.924134,8.680305,-0.13266844,0.3724699,0.3019904,-0.10127328,0.31915003,0.0322977,0.18989217,0.031295918,0.27863058,0.062018227,0.0007869967,13.732,2023-05-18 17:15:00
13.762268,189.15819,54.47258,9.9726,0.2620095,-21.463583,-26.669352,39.969692,1.739671,1015.30743,77.39543,1022.55133,0.0011902087,49.310894,0.554389,13.162849,283.30914,8.661663,8.279616,-0.15906584,0.56513786,0.3205244,-0.09877738,0.44971383,0.046161994,0.2396145,0.025416447,0.25407195,-0.040398914,0.0031053124,13.68072,2023-05-18 17:30:00
13.720145,189.70554,57.041046,10.034393,0.79781044,-16.247152,-27.559406,47.769886,1.9430267,1015.4508,78.34718,1022.6648,0.0008215203,46.69862,0.57992077,12.603235,284.1023,8.203446,7.7957563,-0.16753769,0.5985658,0.31442723,-0.01812879,0.7660597,0.05772941,0.23837577,0.023990663,0.31985292,-0.08806753,0.00573213,13.579534,2023-05-18 17:45:00
13.670785,189.32454,60.40583,10.156712,-2.3389654,-46.135914,-28.48767,52.77879,1.9664998,1015.6648,80.09082,1022.7725,-0.000903209,29.403704,0.53737473,12.412483,279.81177,7.7672005,7.475328,-0.09385956,0.5729376,0.28856024,-0.17240988,1.0475049,0.05795878,0.22655667,0.026574433,0.39921632,-0.18217602,0.0039638635,13.462297,2023-05-18 18:00:00
13.501313,179.74174,62.402798,10.16497,-2.2765493,-49.713642,-29.166279,66.74583,1.8069346,1015.9059,81.19499,1022.96094,-0.0015051443,26.869188,0.5771047,12.407179,281.9539,7.4219785,7.2523103,-0.040862568,0.55196166,0.2544743,-0.17694074,1.1462078,0.057391886,0.21614604,0.021869415,0.41155326,-0.18990839,0.004015098,13.268528,2023-05-18 18:15:00
13.323359,171.53664,63.783806,10.12258,-1.1738311,-39.302906,-30.405235,80.08198,1.6870049,1016.1033,81.532906,1023.1698,-0.0023441662,31.11889,0.61094284,12.411824,279.61124,7.303351,7.2164836,-0.003023929,0.4995007,0.19005966,-0.21847607,0.9575292,0.054768935,0.21525936,0.022854535,0.38684464,-0.14746606,0.0028413371,13.106918,2023-05-18 18:30:00
13.175249,174.48099,64.54727,10.119642,1.4002694,-15.9851885,-31.062277,91.52842,1.7569426,1016.10486,82.01103,1023.2041,-0.0038396677,37.290554,0.6403413,11.967022,273.1515,7.40318,7.3592343,0.019654892,0.39545828,0.13627069,-0.14552057,0.7098148,0.050254777,0.2140917,0.029794758,0.3723465,-0.07678819,0.0033948414,13.012572,2023-05-18 18:45:00
13.071556,179.22784,64.49649,10.136543,4.9566717,12.5199995,-31.932796,94.19661,1.7327,1016.0784,82.659546,1023.1443,-0.00058371545,44.768276,0.6217479,11.662062,267.66327,7.414063,7.4126563,0.021852188,0.31910062,0.105443485,0.026054375,0.57418466,0.04656842,0.21403436,0.032027464,0.36944577,0.028076809,0.0016387748,12.951986,2023-05-18 19:00:00
13.090012,189.1116,64.50145,10.086558,7.3191175,38.289623,-33.161873,99.53812,1.4001427,1015.966,82.26908,1023.0086,0.0020164386,53.39668,0.5790836,12.018051,265.18457,7.503157,7.3459105,-0.017560042,0.303896,0.07315935,0.08487561,0.37841827,0.046826378,0.1885767,0.028761297,0.3840026,0.118744954,0.0008115333,12.947939,2023-05-18 19:15:00
13.054431,194.51675,65.470726,10.014719,9.108148,59.808743,-35.741104,106.74969,1.2952352,1015.90283,81.69202,1022.93396,-0.0006324006,48.232174,0.5149162,11.915564,254.4311,7.7536335,7.5469494,-0.07478947,0.35657907,0.04521926,0.048961595,0.16712442,0.050078828,0.15640636,0.033477634,0.4360508,0.14244275,-0.0013147646,12.910436,2023-05-18 19:30:00
12.97035,183.81898,65.47157,9.9721365,10.279279,61.75291,-39.17335,103.68334,1.1883429,1015.8852,81.69278,1022.84296,0.0017328735,36.093845,0.44231257,12.120141,253.8896,7.879522,7.781312,-0.056834377,0.3936467,0.0473809,0.0010991022,0.25908023,0.054142658,0.14132346,0.032644648,0.46052727,0.1345566,-0.012016942,12.821793,2023-05-18 19:45:00
12.934589,175.43906,61.956726,9.953874,12.1114435,79.27427,-41.676304,94.98318,1.0425347,1015.976,81.84205,1022.88165,0.0022588847,31.324717,0.36614767,13.442274,249.53023,7.861988,7.731325,-0.013564206,0.39023033,0.10381827,0.035584513,0.3167754,0.05350298,0.13786674,0.031546842,0.39136654,0.12339416,-0.013237225,12.774348,2023-05-18 20:00:00
12.917086,176.22281,60.570774,9.892637,12.798451,92.98774,-40.996716,92.28484,0.8745672,1015.9598,81.2189,1022.94995,0.0010149536,29.906038,0.3274015,14.570429,245.14445,7.724265,7.6274695,-0.013642586,0.27883306,0.15288746,0.07097994,0.353674,0.051402137,0.12222539,0.030105522,0.385024,0.11963585,-0.014253143,12.777238,2023-05-18 20:15:00
12.852564,171.71338,61.52104,9.884166,14.621552,106.30105,-40.43375,101.09129,0.6609997,1015.98615,80.95262,1022.9979,0.004866385,35.09712,0.2766943,14.575518,243.02786,7.73551,7.6694555,0.041571192,0.16650473,0.16699591,0.08631262,0.3499655,0.050182354,0.102024354,0.026006436,0.3984679,0.11078886,-0.012855694,12.738793,2023-05-18 20:30:00
12.800546,167.4473,61.744896,9.881817,16.03438,114.05175,-38.60039,103.798515,0.635657,1016.13586,81.050354,1022.9904,0.0029648775,32.38416,0.24087101,14.705606,241.14708,7.921098,7.890351,0.06268483,0.15972361,0.16550688,0.06872082,0.33209145,0.04902983,0.10148309,0.022446267,0.3906608,0.10026385,-0.009784576,12.716463,2023-05-18 20:45:00
12.74818,168.09749,61.94811,9.852742,15.443561,114.24024,-37.392296,98.46372,0.79485846,1016.1648,80.8998,1022.8897,0.00014876417,23.756357,0.21893758,14.264585,245.03717,8.103734,8.088673,0.03884747,0.16316958,0.15240237,0.09296177,0.23529623,0.048844323,0.121580265,0.018794456,0.38451245,0.1269697,-0.0041096597,12.604107,2023-05-18 21:00:00
12.633927,172.67296,61.873688,9.741007,13.318261,93.20876,-33.34768,92.88712,0.62377626,1016.00256,80.088234,1022.87305,-4.5451918e-05,21.050333,0.24135882,13.610479,249.56187,8.222547,8.131414,0.0248309,0.1429382,0.18157676,0.1554772,0.111119345,0.04714337,0.1372447,0.011085159,0.37320167,0.12484639,-0.0050926423,12.4830265,2023-05-18 21:15:00
12.51658,190.01967,61.29042,9.576122,11.941829,81.05602,-33.112114,86.57347,0.55398875,1015.95624,79.032745,1023.03674,-0.00056656497,19.938097,0.28198218,13.345136,248.86769,8.216859,8.034412,0.041574053,0.11320627,0.17916743,0.19933166,0.15242708,0.049251895,0.10943098,0.005314899,0.37574598,0.12795919,-0.0012080341,12.3548,2023-05-18 21:30:00
12.462559,202.70155,62.61328,9.470272,12.314567,93.37574,-34.67854,64.66503,0.4053922,1015.8217,78.2542,1023.02905,-0.0008439253,11.2616,0.25663567,13.316423,256.70444,8.22511,8.056015,0.082373016,0.14653142,0.093089014,0.19324705,0.36074877,0.041154575,0.090937264,0.00959961,0.41558614,0.15892348,-0.0060894024,12.265302,2023-05-18 21:45:00
12.42662,216.62277,65.52459,9.463165,11.604915,90.360374,-36.977627,47.45827,0.38531622,1015.8127,78.35578,1023.0086,-0.00088043255,0.32999673,0.16876626,13.05296,263.88068,8.243254,8.061009,0.049425982,0.15448159,0.06430925,0.24461544,0.26129693,0.03936923,0.09829392,0.014011329,0.46635124,0.15999019,-0.005235579,12.20925,2023-05-18 22:00:00
12.368985,221.35397,65.596664,9.527959,9.221524,69.60136,-39.198338,29.908703,0.29511186,1015.9197,79.22143,1023.0171,-0.00055846316,-10.805669,0.078566246,12.637083,258.52908,8.194697,7.9805326,0.07568281,0.19467673,0.072709315,0.24400477,0.17687376,0.035468772,0.105296694,0.012781849,0.45494762,0.14114298,-0.0041912817,12.15353,2023-05-18 22:15:00
12.28546,222.96144,63.791855,9.508514,6.161832,48.34962,-41.457355,13.930645,0.010843672,1015.78156,79.31734,1023.0211,-0.0007835317,-16.181677,0.05378633,12.557568,265.19394,8.144107,7.9663873,0.06660836,0.21896836,0.07963446,0.25309476,0.19433755,0.030949363,0.09311193,0.013688527,0.4342746,0.17165434,-0.009176616,12.078885,2023-05-18 22:30:00
12.229935,225.50822,62.083813,9.446499,3.4997454,28.616358,-43.39094,7.908261,-0.04221479,1015.58014,78.811806,1023.01794,-0.0036217931,-16.740728,0.13438499,12.766277,266.99173,8.222546,8.157413,0.06193664,0.17306764,0.094773285,0.26902863,0.22085574,0.026564064,0.09728638,0.014702201,0.40059438,0.19449525,-0.011770864,11.988028,2023-05-18 22:45:00
12.120466,241.74675,62.929398,9.352324,0.44013107,-6.376577,-46.0475,6.269131,0.03252744,1015.8048,78.63652,1023.16034,-0.0038148514,-23.126455,0.14205498,12.951345,259.59872,8.522786,8.411645,0.05290299,0.18793824,0.09547515,0.291081,0.26730034,0.025722418,0.12955654,0.012054873,0.3978215,0.1553826,-0.01590014,11.849126,2023-05-18 23:00:00
12.050359,273.12558,62.87964,9.250379,-2.5735922,-39.96178,-48.254772,2.3508267,-0.12080971,1015.99036,78.33925,1023.24615,-0.002815635,-27.813574,0.11503499,12.710489,255.91722,8.750325,8.607997,0.1030614,0.24238376,0.06618132,0.25456664,0.40081042,0.027156435,0.1084117,0.01096964,0.4037348,0.14591204,-0.017474141,11.800638,2023-05-18 23:15:00
12.075229,292.74738,62.379826,9.294216,-5.1605825,-63.865986,-47.242844,0.98324245,-0.5423383,1016.4382,79.08861,1023.54083,-0.005875789,-25.457937,0.15499967,12.190698,249.02898,8.78412,8.648443,0.14010999,0.23732476,0.025895927,0.20613247,0.20032042,0.016398218,0.08109428,-0.006108514,0.41062608,0.1876455,-0.021097435,11.808676,2023-05-18 23:30:00
12.857897,250.06662,67.376465,9.995094,-13.820445,-93.94543,-65.01674,16.311169,-0.036541678,1016.5946,83.24122,1023.17816,0.012364388,3.1041057,0.2109803,12.309008,240.97993,8.434289,8.494564,0.18874118,0.18072775,-0.01355825,0.24075778,-0.06341477,0.0045418,0.14572471,-0.021711035,0.4457003,0.15654258,-0.0075683566,12.66688,2023-05-18 23:45:00
