app_temp,azimuth,clouds,dewpt,dhi,dni,elev_angle,ghi,precip_rate,pres,rh,slp,snow_rate,solar_rad,temp,date,uv,vis,wind_dir,wind_gust_spd,wind_spd,Broken clouds,Few clouds,Heavy rain,Light rain,Overcast clouds,Scattered clouds
10.6,173.2,74,4.3,0,0,-73.1,0,2.5,1005,65,1012,0,0,10.6,2023-05-08T00:00:00,0.0,16,0,9.3,9.26,0.0,0.0,0.0,1.0,0.0,0.0
10.6,163.2,74,4.3,0,0,-71.6,0,2.0,1005,65,1012,0,0,10.6,2023-05-08T00:15:00,0.0,16,0,9.3,9.26,0.0,0.0,0.0,1.0,0.0,0.0
10.6,153.3,75,4.1,0,0,-70.2,0,0.42,1005,64,1012,0,0,10.6,2023-05-08T00:30:00,0.0,16,0,10.3,10.29,0.0,0.0,0.0,0.0,1.0,0.0
10.9,143.4,73,4.4,0,0,-68.7,0,1.5,1004,64,1011,0,0,10.9,2023-05-08T00:45:00,0.0,10,270,10.3,10.29,0.0,0.0,0.0,1.0,0.0,0.0
10.9,133.4,73,4.4,0,0,-67.3,0,1.5,1004,64,1011,0,0,10.9,2023-05-08T01:00:00,0.0,10,280,10.3,10.29,0.0,0.0,0.0,1.0,0.0,0.0
10.9,128.1,73,4.4,0,0,-64.6,0,1.0,1004,64,1011,0,0,10.9,2023-05-08T01:15:00,0.0,10,280,10.3,10.29,0.0,0.0,0.0,1.0,0.0,0.0
10.7,122.8,69,4.2,0,0,-62.0,0,0.5,1004,64,1011,0,0,10.7,2023-05-08T01:30:00,0.0,16,270,10.8,10.8,1.0,0.0,0.0,0.0,0.0,0.0
10.7,117.5,69,4.2,0,0,-59.4,0,0.5,1004,64,1011,0,0,10.7,2023-05-08T01:45:00,0.0,16,270,10.8,10.8,1.0,0.0,0.0,0.0,0.0,0.0
9.9,112.3,61,3.4,0,0,-56.7,0,0.5,1005,64,1012,0,0,9.9,2023-05-08T02:00:00,0.0,16,260,9.3,9.26,1.0,0.0,0.0,0.0,0.0,0.0
9.9,109.1,61,3.4,0,0,-53.7,0,0.75,1005,64,1012,0,0,9.9,2023-05-08T02:15:00,0.0,16,260,9.3,9.26,0.0,0.0,0.0,1.0,0.0,0.0
9.9,105.9,61,3.4,0,0,-50.8,0,1.0,1005,64,1012,0,0,9.9,2023-05-08T02:30:00,0.0,16,260,9.3,9.26,0.0,0.0,0.0,1.0,0.0,0.0
9.9,102.8,78,3.6,0,0,-47.8,0,0.5,1005,65,1012,0,0,9.9,2023-05-08T02:45:00,0.0,16,260,10.3,10.29,0.0,0.0,0.0,0.0,1.0,0.0
9.9,99.6,78,3.6,0,0,-44.8,0,0.0,1005,65,1012,0,0,9.9,2023-05-08T03:00:00,0.0,16,260,10.3,10.29,0.0,0.0,0.0,0.0,1.0,0.0
9.9,97.3,78,3.6,0,0,-41.7,0,0.0,1005,65,1012,0,0,9.9,2023-05-08T03:15:00,0.0,16,260,10.3,10.29,0.0,0.0,0.0,0.0,1.0,0.0
10.0,95.0,70,3.5,0,0,-38.6,0,0.0,1005,64,1012,0,0,10.0,2023-05-08T03:30:00,0.0,16,260,10.3,10.29,1.0,0.0,0.0,0.0,0.0,0.0
9.9,92.7,68,3.4,0,0,-35.5,0,0.0,1005,64,1012,0,0,9.9,2023-05-08T03:45:00,0.0,16,260,10.8,10.8,1.0,0.0,0.0,0.0,0.0,0.0
9.9,90.4,68,3.4,0,0,-32.4,0,0.0,1005,64,1012,0,0,9.9,2023-05-08T04:00:00,0.0,16,260,10.8,10.8,1.0,0.0,0.0,0.0,0.0,0.0
9.9,88.4,68,3.0,0,0,-29.3,0,0.0,1005,62,1012,0,0,9.9,2023-05-08T04:15:00,0.0,16,260,10.8,10.8,1.0,0.0,0.0,0.0,0.0,0.0
9.9,86.4,52,2.5,0,0,-26.2,0,0.0,1005,60,1012,0,0,9.9,2023-05-08T04:30:00,0.0,16,260,11.32,11.32,1.0,0.0,0.0,0.0,0.0,0.0
9.9,84.4,52,2.3,0,0,-23.1,0,0.0,1005,59,1012,0,0,9.9,2023-05-08T04:45:00,0.0,16,260,11.32,11.32,1.0,0.0,0.0,0.0,0.0,0.0
10.2,82.4,52,2.1,0,0,-20.0,0,0.0,1005,57,1012,0,0,10.2,2023-05-08T05:00:00,0.0,16,0,11.32,11.32,1.0,0.0,0.0,0.0,0.0,0.0
10.2,80.4,52,2.1,0,0,-16.9,0,0.0,1006,57,1013,0,0,10.2,2023-05-08T05:15:00,0.0,16,0,11.32,11.32,1.0,0.0,0.0,0.0,0.0,0.0
10.2,78.5,61,2.1,0,0,-13.9,0,0.0,1006,57,1013,0,0,10.2,2023-05-08T05:30:00,0.0,16,250,11.32,11.32,1.0,0.0,0.0,0.0,0.0,0.0
10.0,76.5,66,1.9,0,0,-10.8,0,0.0,1007,57,1014,0,0,10.0,2023-05-08T05:45:00,0.0,16,250,11.32,11.32,1.0,0.0,0.0,0.0,0.0,0.0
10.0,74.6,66,1.9,0,0,-7.8,0,0.0,1007,57,1014,0,0,10.0,2023-05-08T06:00:00,0.0,16,250,11.32,11.32,1.0,0.0,0.0,0.0,0.0,0.0
10.0,72.5,66,1.9,7,59,-4.8,9,0.0,1007,57,1014,0,7,10.0,2023-05-08T06:15:00,0.0,16,250,11.32,11.32,1.0,0.0,0.0,0.0,0.0,0.0
10.7,70.5,59,2.5,15,119,-1.9,18,0.0,1007,57,1014,0,15,10.7,2023-05-08T06:30:00,0.0,16,250,11.32,11.32,1.0,0.0,0.0,0.0,0.0,0.0
10.7,68.4,59,2.5,22,178,1.0,27,0.0,1007,57,1014,0,23,10.7,2023-05-08T06:45:00,1.0,16,250,11.32,11.32,1.0,0.0,0.0,0.0,0.0,0.0
10.2,66.3,63,2.1,29,237,4.0,37,0.0,1008,57,1015,0,30,10.2,2023-05-08T07:00:00,1.0,16,0,11.32,11.32,1.0,0.0,0.0,0.0,0.0,0.0
10.2,64.0,63,1.3,38,322,6.7,79,0.0,1008,54,1015,0,64,10.2,2023-05-08T07:15:00,1.0,16,0,11.32,11.32,1.0,0.0,0.0,0.0,0.0,0.0
10.2,61.6,63,0.8,47,408,9.4,121,0.0,1008,52,1015,0,98,10.2,2023-05-08T07:30:00,1.0,16,0,11.32,11.32,1.0,0.0,0.0,0.0,0.0,0.0
11.6,59.3,52,1.5,56,493,12.2,164,0.0,1009,50,1016,0,148,11.6,2023-05-08T07:45:00,1.2,16,250,11.32,11.32,1.0,0.0,0.0,0.0,0.0,0.0
11.7,56.9,43,0.8,65,578,14.9,206,0.0,1009,47,1016,0,195,11.7,2023-05-08T08:00:00,1.4,16,0,10.3,10.29,1.0,0.0,0.0,0.0,0.0,0.0
11.7,54.1,43,0.5,70,612,17.4,249,0.0,1009,46,1016,0,236,11.7,2023-05-08T08:15:00,1.5,16,0,10.3,10.29,1.0,0.0,0.0,0.0,0.0,0.0
12.4,51.3,54,1.1,75,647,19.8,291,0.0,1009,46,1016,0,259,12.4,2023-05-08T08:30:00,1.4,16,0,11.83,11.83,1.0,0.0,0.0,0.0,0.0,0.0
12.4,48.5,54,1.1,79,681,22.2,334,0.25,1009,46,1016,0,297,12.4,2023-05-08T08:45:00,1.5,16,0,11.32,11.32,1.0,0.0,0.0,0.0,0.0,0.0
12.4,45.7,54,0.8,84,716,24.7,376,0.5,1010,45,1017,0,334,12.4,2023-05-08T09:00:00,1.6,16,250,11.32,11.32,1.0,0.0,0.0,0.0,0.0,0.0
12.4,42.3,54,0.5,87,733,26.6,410,0.75,1010,44,1017,0,365,12.4,2023-05-08T09:15:00,1.8,16,250,11.32,11.32,0.0,0.0,0.0,1.0,0.0,0.0
13.5,38.9,53,1.5,90,751,28.6,444,1.0,1010,44,1017,0,398,13.5,2023-05-08T09:30:00,1.9,16,250,11.83,11.83,0.0,0.0,0.0,1.0,0.0,0.0
13.5,35.5,53,1.2,93,768,30.5,477,1.0,1010,43,1017,0,427,13.5,2023-05-08T09:45:00,2.1,16,250,11.83,11.83,0.0,0.0,0.0,1.0,0.0,0.0
13.6,32.0,52,0.9,96,785,32.5,511,1.0,1010,42,1017,0,461,13.6,2023-05-08T10:00:00,2.3,16,240,11.83,11.83,0.0,0.0,0.0,1.0,0.0,0.0
13.6,27.9,52,1.3,97,794,33.7,532,0.5,1009,43,1016,0,480,13.6,2023-05-08T10:15:00,2.4,16,240,11.83,11.83,1.0,0.0,0.0,0.0,0.0,0.0
13.9,23.8,49,1.9,99,802,35.0,553,0.0,1009,44,1016,0,509,13.9,2023-05-08T10:30:00,2.6,16,240,12.4,12.35,1.0,0.0,0.0,0.0,0.0,0.0
14.3,19.7,49,2.5,100,811,36.3,573,0.0,1009,45,1016,0,527,14.3,2023-05-08T10:45:00,2.7,16,240,11.83,11.83,1.0,0.0,0.0,0.0,0.0,0.0
14.3,15.6,49,2.9,102,820,37.5,594,0.0,1009,46,1016,0,547,14.3,2023-05-08T11:00:00,2.8,16,240,11.83,11.83,1.0,0.0,0.0,0.0,0.0,0.0
14.3,101.1,49,2.9,102,822,37.9,600,0.0,1009,46,1016,0,552,14.3,2023-05-08T11:15:00,2.9,16,240,11.83,11.83,1.0,0.0,0.0,0.0,0.0,0.0
14.9,186.5,52,3.4,102,824,38.2,606,0.0,1009,46,1016,0,547,14.9,2023-05-08T11:30:00,2.8,16,0,12.4,12.35,1.0,0.0,0.0,0.0,0.0,0.0
14.9,272.0,53,3.1,103,826,38.6,611,1.25,1009,45,1016,0,541,14.9,2023-05-08T11:45:00,2.8,16,0,12.4,12.35,0.0,0.0,0.0,1.0,0.0,0.0
14.9,357.5,62,3.1,103,828,38.9,617,2.5,1009,45,1016,0,495,14.9,2023-05-08T12:00:00,2.6,16,0,12.4,12.35,0.0,0.0,0.0,1.0,0.0,0.0
14.9,353.0,53,3.1,102,824,38.3,607,1.25,1009,45,1016,0,538,14.9,2023-05-08T12:15:00,2.8,16,0,12.4,12.35,0.0,0.0,0.0,1.0,0.0,0.0
15.0,348.5,55,3.5,102,820,37.7,597,0.0,1009,46,1016,0,527,15.0,2023-05-08T12:30:00,2.7,16,0,12.4,12.35,1.0,0.0,0.0,0.0,0.0,0.0
15.0,344.1,55,3.5,101,817,37.1,587,0.0,1009,46,1016,0,518,15.0,2023-05-08T12:45:00,2.6,16,0,12.4,12.35,1.0,0.0,0.0,0.0,0.0,0.0
15.0,339.6,53,3.5,100,813,36.4,577,0.0,1009,46,1016,0,517,15.0,2023-05-08T13:00:00,2.6,16,0,12.9,12.86,1.0,0.0,0.0,0.0,0.0,0.0
15.0,335.7,53,3.5,99,802,35.0,552,0.0,1009,46,1016,0,495,15.0,2023-05-08T13:15:00,2.5,16,0,12.9,12.86,1.0,0.0,0.0,0.0,0.0,0.0
15.1,331.8,58,3.3,97,791,33.5,527,0.0,1009,45,1016,0,453,15.1,2023-05-08T13:30:00,2.2,16,0,11.83,11.83,1.0,0.0,0.0,0.0,0.0,0.0
15.1,327.8,53,3.0,95,781,32.0,502,1.0,1009,44,1016,0,450,15.1,2023-05-08T13:45:00,2.2,16,0,11.83,11.83,0.0,0.0,0.0,1.0,0.0,0.0
15.1,323.9,53,3.0,93,770,30.5,477,2.0,1009,44,1016,0,418,15.1,2023-05-08T14:00:00,2.1,16,0,11.83,11.83,0.0,0.0,0.0,1.0,0.0,0.0
15.1,320.7,53,3.3,90,749,28.4,441,1.0,1009,45,1016,0,395,15.1,2023-05-08T14:15:00,1.9,16,0,11.83,11.83,0.0,0.0,0.0,1.0,0.0,0.0
14.9,317.5,62,3.4,86,728,26.3,404,0.0,1009,46,1016,0,332,14.9,2023-05-08T14:30:00,1.6,16,0,11.32,11.32,1.0,0.0,0.0,0.0,0.0,0.0
14.9,314.2,62,3.4,83,707,24.2,367,0.0,1009,46,1016,0,302,14.9,2023-05-08T14:45:00,1.5,16,0,11.32,11.32,1.0,0.0,0.0,0.0,0.0,0.0
14.9,311.0,64,3.7,80,686,22.1,331,0.0,1009,47,1016,0,266,14.9,2023-05-08T15:00:00,1.3,16,0,10.8,10.8,1.0,0.0,0.0,0.0,0.0,0.0
14.9,308.3,64,3.7,74,643,19.5,287,0.0,1009,47,1016,0,230,14.9,2023-05-08T15:15:00,1.2,16,0,10.8,10.8,1.0,0.0,0.0,0.0,0.0,0.0
14.9,305.7,64,3.4,69,600,17.0,243,0.0,1009,46,1016,0,195,14.9,2023-05-08T15:30:00,1.2,16,0,10.8,10.8,1.0,0.0,0.0,0.0,0.0,0.0
14.4,303.0,62,2.9,63,557,14.5,200,0.0,1009,46,1016,0,165,14.4,2023-05-08T15:45:00,1.1,16,0,10.8,10.8,1.0,0.0,0.0,0.0,0.0,0.0
15.2,300.4,62,3.7,57,515,11.9,156,0.0,1010,46,1016,0,128,15.2,2023-05-08T16:00:00,1.1,16,0,10.8,10.8,1.0,0.0,0.0,0.0,0.0,0.0
15.2,298.1,62,4.0,46,396,9.1,118,0.0,1010,47,1016,0,97,15.2,2023-05-08T16:15:00,1.0,16,0,10.8,10.8,1.0,0.0,0.0,0.0,0.0,0.0
14.6,295.9,58,3.7,34,277,6.3,80,0.0,1010,48,1016,0,69,14.6,2023-05-08T16:30:00,1.1,16,0,10.3,10.29,1.0,0.0,0.0,0.0,0.0,0.0
14.5,293.6,58,3.6,22,159,3.5,42,0.0,1010,48,1016,0,36,14.5,2023-05-08T16:45:00,1.1,16,0,9.3,9.26,1.0,0.0,0.0,0.0,0.0,0.0
14.5,291.4,58,3.9,10,40,0.7,4,0.0,1010,49,1017,0,13,14.5,2023-05-08T17:00:00,1.0,16,190,9.3,9.26,1.0,0.0,0.0,0.0,0.0,0.0
14.5,289.4,58,4.2,8,30,-2.3,3,0.0,1010,50,1017,0,11,14.5,2023-05-08T17:15:00,0.0,16,190,9.3,9.26,1.0,0.0,0.0,0.0,0.0,0.0
13.8,287.4,60,3.9,5,20,-5.2,2,0.0,1010,51,1017,0,7,13.8,2023-05-08T17:30:00,0.0,16,200,8.8,8.75,1.0,0.0,0.0,0.0,0.0,0.0
13.8,285.4,60,4.1,3,10,-8.2,1,0.5,1010,52,1017,0,4,13.8,2023-05-08T17:45:00,0.0,16,200,8.8,8.75,1.0,0.0,0.0,0.0,0.0,0.0
13.8,283.4,58,4.4,0,0,-11.2,0,1.0,1011,53,1018,0,0,13.8,2023-05-08T18:00:00,0.0,16,210,9.3,9.26,0.0,0.0,0.0,1.0,0.0,0.0
13.8,281.4,58,4.4,0,0,-14.3,0,0.5,1011,53,1018,0,0,13.8,2023-05-08T18:15:00,0.0,16,200,9.3,9.26,1.0,0.0,0.0,0.0,0.0,0.0
13.8,279.5,58,4.4,0,0,-17.3,0,0.0,1011,53,1018,0,0,13.8,2023-05-08T18:30:00,0.0,16,200,9.3,9.26,1.0,0.0,0.0,0.0,0.0,0.0
13.7,277.6,52,4.3,0,0,-20.4,0,0.0,1011,53,1018,0,0,13.7,2023-05-08T18:45:00,0.0,16,200,7.72,7.72,1.0,0.0,0.0,0.0,0.0,0.0
13.7,275.6,59,4.3,0,0,-23.5,0,0.0,1012,53,1019,0,0,13.7,2023-05-08T19:00:00,0.0,16,0,7.72,7.72,1.0,0.0,0.0,0.0,0.0,0.0
13.7,273.6,59,3.8,0,0,-26.6,0,0.0,1012,51,1019,0,0,13.7,2023-05-08T19:15:00,0.0,16,0,7.72,7.72,1.0,0.0,0.0,0.0,0.0,0.0
13.3,271.5,46,2.5,0,0,-29.7,0,0.0,1012,48,1019,0,0,13.3,2023-05-08T19:30:00,0.0,16,260,7.72,7.72,1.0,0.0,0.0,0.0,0.0,0.0
13.5,269.5,48,2.1,0,0,-32.8,0,0.0,1012,46,1019,0,0,13.5,2023-05-08T19:45:00,0.0,16,260,8.23,8.23,1.0,0.0,0.0,0.0,0.0,0.0
13.5,267.4,48,1.5,0,0,-35.9,0,0.0,1012,44,1019,0,0,13.5,2023-05-08T20:00:00,0.0,16,250,8.23,8.23,1.0,0.0,0.0,0.0,0.0,0.0
13.5,265.0,48,1.8,0,0,-39.0,0,0.0,1012,45,1019,0,0,13.5,2023-05-08T20:15:00,0.0,16,250,8.23,8.23,1.0,0.0,0.0,0.0,0.0,0.0
13.1,262.5,59,1.8,0,0,-42.1,0,0.0,1012,46,1019,0,0,13.1,2023-05-08T20:30:00,0.0,16,240,8.23,8.23,1.0,0.0,0.0,0.0,0.0,0.0
13.1,260.1,59,2.1,0,0,-45.2,0,0.0,1012,47,1019,0,0,13.1,2023-05-08T20:45:00,0.0,16,240,8.23,8.23,1.0,0.0,0.0,0.0,0.0,0.0
13.0,257.6,56,2.3,0,0,-48.3,0,0.0,1013,48,1020,0,0,13.0,2023-05-08T21:00:00,0.0,16,250,8.23,8.23,1.0,0.0,0.0,0.0,0.0,0.0
13.0,254.1,56,2.3,0,0,-51.2,0,0.0,1013,48,1020,0,0,13.0,2023-05-08T21:15:00,0.0,16,250,8.23,8.23,1.0,0.0,0.0,0.0,0.0,0.0
12.7,250.5,51,2.0,0,0,-54.1,0,0.0,1013,48,1020,0,0,12.7,2023-05-08T21:30:00,0.0,16,250,7.72,7.72,1.0,0.0,0.0,0.0,0.0,0.0
12.7,247.0,51,2.3,0,0,-57.1,0,0.0,1013,49,1020,0,0,12.7,2023-05-08T21:45:00,0.0,16,250,7.72,7.72,1.0,0.0,0.0,0.0,0.0,0.0
12.9,243.5,51,2.5,0,0,-60.0,0,0.0,1013,49,1020,0,0,12.9,2023-05-08T22:00:00,0.0,16,250,7.72,7.72,1.0,0.0,0.0,0.0,0.0,0.0
12.9,237.1,51,2.7,0,0,-62.5,0,0.0,1012,50,1019,0,0,12.9,2023-05-08T22:15:00,0.0,16,250,7.72,7.72,1.0,0.0,0.0,0.0,0.0,0.0
12.5,230.8,46,2.4,0,0,-64.9,0,0.0,1012,50,1019,0,0,12.5,2023-05-08T22:30:00,0.0,16,250,7.72,7.72,1.0,0.0,0.0,0.0,0.0,0.0
12.4,224.5,46,2.6,0,0,-67.4,0,0.0,1012,51,1019,0,0,12.4,2023-05-08T22:45:00,0.0,16,0,7.72,7.72,1.0,0.0,0.0,0.0,0.0,0.0
12.4,218.2,46,2.8,0,0,-69.8,0,0.0,1012,52,1019,0,0,12.4,2023-05-08T23:00:00,0.0,16,0,7.72,7.72,1.0,0.0,0.0,0.0,0.0,0.0
12.4,206.9,46,2.8,0,0,-70.7,0,0.0,1012,52,1019,0,0,12.4,2023-05-08T23:15:00,0.0,16,0,7.72,7.72,1.0,0.0,0.0,0.0,0.0,0.0
12.2,195.6,36,2.6,0,0,-71.6,0,0.0,1012,52,1019,0,0,12.2,2023-05-08T23:30:00,0.0,16,0,7.72,7.72,0.0,0.0,0.0,0.0,0.0,1.0
12.2,184.3,36,2.9,0,0,-72.5,0,0.0,1012,53,1019,0,0,12.2,2023-05-08T23:45:00,0.0,16,0,7.72,7.72,0.0,0.0,0.0,0.0,0.0,1.0
12.2,173.0,31,2.9,0,0,-73.4,0,0.0,1012,53,1019,0,0,12.2,2023-05-09T00:00:00,0.0,16,0,7.72,7.72,0.0,0.0,0.0,0.0,0.0,1.0
12.2,163.0,31,3.2,0,0,-71.9,0,0.0,1012,54,1019,0,0,12.2,2023-05-09T00:15:00,0.0,16,0,7.72,7.72,0.0,0.0,0.0,0.0,0.0,1.0
11.9,153.0,29,2.9,0,0,-70.4,0,0.0,1012,54,1019,0,0,11.9,2023-05-09T00:30:00,0.0,16,0,6.7,6.69,0.0,0.0,0.0,0.0,0.0,1.0
11.9,143.0,29,2.9,0,0,-68.9,0,0.0,1012,54,1019,0,0,11.9,2023-05-09T00:45:00,0.0,16,0,6.7,6.69,0.0,0.0,0.0,0.0,0.0,1.0
11.9,133.0,28,3.2,0,0,-67.5,0,0.0,1012,55,1019,0,0,11.9,2023-05-09T01:00:00,0.0,16,0,7.2,7.2,0.0,0.0,0.0,0.0,0.0,1.0
11.9,127.7,28,3.4,0,0,-64.8,0,0.0,1012,56,1019,0,0,11.9,2023-05-09T01:15:00,0.0,16,0,7.2,7.2,0.0,0.0,0.0,0.0,0.0,1.0
11.6,122.4,29,3.6,0,0,-62.2,0,0.0,1012,58,1019,0,0,11.6,2023-05-09T01:30:00,0.0,16,0,7.2,7.2,0.0,0.0,0.0,0.0,0.0,1.0
11.6,117.1,29,3.9,0,0,-59.5,0,0.0,1012,59,1019,0,0,11.6,2023-05-09T01:45:00,0.0,16,0,7.2,7.2,0.0,0.0,0.0,0.0,0.0,1.0
10.7,111.8,21,3.3,0,0,-56.9,0,0.0,1012,60,1019,0,0,10.7,2023-05-09T02:00:00,0.0,16,0,6.7,6.69,0.0,0.0,0.0,0.0,0.0,1.0
10.7,108.7,21,3.3,0,0,-53.9,0,0.0,1012,60,1019,0,0,10.7,2023-05-09T02:15:00,0.0,16,0,6.7,6.69,0.0,0.0,0.0,0.0,0.0,1.0
10.7,105.6,21,3.3,0,0,-50.9,0,0.0,1012,60,1019,0,0,10.7,2023-05-09T02:30:00,0.0,16,0,6.7,6.69,0.0,0.0,0.0,0.0,0.0,1.0
10.4,102.4,22,3.2,0,0,-47.9,0,0.0,1012,61,1019,0,0,10.4,2023-05-09T02:45:00,0.0,16,0,6.7,6.69,0.0,0.0,0.0,0.0,0.0,1.0
10.4,99.3,22,3.2,0,0,-44.9,0,0.0,1012,61,1019,0,0,10.4,2023-05-09T03:00:00,0.0,16,0,6.7,6.69,0.0,0.0,0.0,0.0,0.0,1.0
10.4,97.0,22,3.2,0,0,-41.8,0,0.0,1012,61,1019,0,0,10.4,2023-05-09T03:15:00,0.0,16,0,6.7,6.69,0.0,0.0,0.0,0.0,0.0,1.0
10.5,94.7,27,3.5,0,0,-38.7,0,0.0,1012,62,1019,0,0,10.5,2023-05-09T03:30:00,0.0,16,0,6.2,6.17,0.0,0.0,0.0,0.0,0.0,1.0
10.4,92.4,21,3.4,0,0,-35.6,0,0.0,1012,62,1019,0,0,10.4,2023-05-09T03:45:00,0.0,16,0,6.2,6.17,0.0,0.0,0.0,0.0,0.0,1.0
10.4,90.1,21,3.4,0,0,-32.5,0,0.0,1012,62,1019,0,0,10.4,2023-05-09T04:00:00,0.0,16,0,6.2,6.17,0.0,0.0,0.0,0.0,0.0,1.0
10.4,88.1,21,3.4,0,0,-29.4,0,0.0,1012,62,1019,0,0,10.4,2023-05-09T04:15:00,0.0,16,0,6.2,6.17,0.0,0.0,0.0,0.0,0.0,1.0
10.3,86.1,24,3.3,0,0,-26.3,0,0.0,1012,62,1019,0,0,10.3,2023-05-09T04:30:00,0.0,16,0,6.7,6.69,0.0,0.0,0.0,0.0,0.0,1.0
10.3,84.1,24,3.3,0,0,-23.2,0,0.0,1012,62,1019,0,0,10.3,2023-05-09T04:45:00,0.0,16,0,6.7,6.69,0.0,0.0,0.0,0.0,0.0,1.0
10.3,82.1,24,3.3,0,0,-20.1,0,0.0,1012,62,1019,0,0,10.3,2023-05-09T05:00:00,0.0,16,0,6.7,6.69,0.0,0.0,0.0,0.0,0.0,1.0
10.3,80.2,24,3.3,0,0,-17.0,0,0.0,1012,62,1019,0,0,10.3,2023-05-09T05:15:00,0.0,16,0,6.7,6.69,0.0,0.0,0.0,0.0,0.0,1.0
10.4,78.2,34,3.2,0,0,-14.0,0,0.0,1012,61,1019,0,0,10.4,2023-05-09T05:30:00,0.0,16,0,6.7,6.69,0.0,0.0,0.0,0.0,0.0,1.0
10.5,76.3,26,3.1,0,0,-10.9,0,0.0,1012,60,1019,0,0,10.5,2023-05-09T05:45:00,0.0,16,0,6.7,6.69,0.0,0.0,0.0,0.0,0.0,1.0
10.5,74.4,26,3.1,0,0,-7.9,0,0.0,1013,60,1020,0,0,10.5,2023-05-09T06:00:00,0.0,16,0,6.7,6.69,0.0,0.0,0.0,0.0,0.0,1.0
10.5,72.3,26,3.1,7,57,-5.0,9,0.0,1013,60,1020,0,9,10.5,2023-05-09T06:15:00,0.0,16,0,6.7,6.69,0.0,0.0,0.0,0.0,0.0,1.0
11.2,70.2,27,3.7,14,115,-2.0,17,0.0,1013,60,1020,0,17,11.2,2023-05-09T06:30:00,0.0,16,0,6.7,6.69,0.0,0.0,0.0,0.0,0.0,1.0
10.8,68.2,23,3.1,21,172,0.9,26,0.0,1013,59,1020,0,26,10.8,2023-05-09T06:45:00,1.5,16,0,6.7,6.69,0.0,0.0,0.0,0.0,0.0,1.0
10.8,66.1,23,3.1,29,229,3.8,35,0.0,1013,59,1020,0,35,10.8,2023-05-09T07:00:00,1.5,16,0,6.7,6.69,0.0,0.0,0.0,0.0,0.0,1.0
10.8,63.8,23,2.9,38,315,6.5,77,0.0,1013,58,1020,0,77,10.8,2023-05-09T07:15:00,1.5,16,240,6.7,6.69,0.0,0.0,0.0,0.0,0.0,1.0
10.8,61.4,23,2.4,47,402,9.3,119,0.0,1014,56,1021,0,118,10.8,2023-05-09T07:30:00,1.5,16,240,6.7,6.69,0.0,0.0,0.0,0.0,0.0,1.0
13.1,59.1,19,4.3,56,488,12.0,161,0.0,1014,55,1021,0,160,13.1,2023-05-09T07:45:00,1.6,16,240,8.23,8.23,0.0,1.0,0.0,0.0,0.0,0.0
13.1,56.7,19,4.0,65,574,14.7,203,0.0,1014,54,1021,0,202,13.1,2023-05-09T08:00:00,1.7,16,250,8.23,8.23,0.0,1.0,0.0,0.0,0.0,0.0
13.1,53.9,19,3.7,69,609,17.2,246,0.0,1014,53,1021,0,245,13.1,2023-05-09T08:15:00,1.8,16,250,8.23,8.23,0.0,1.0,0.0,0.0,0.0,0.0
14.6,51.1,23,4.9,74,644,19.6,288,0.0,1014,52,1021,0,286,14.6,2023-05-09T08:30:00,1.9,16,250,8.23,8.23,0.0,0.0,0.0,0.0,0.0,1.0
14.6,48.3,24,4.9,79,678,22.0,330,0.0,1014,52,1021,0,328,14.6,2023-05-09T08:45:00,2.0,16,250,8.23,8.23,0.0,0.0,0.0,0.0,0.0,1.0
14.6,45.5,24,4.6,84,713,24.4,372,0.0,1015,51,1022,0,369,14.6,2023-05-09T09:00:00,2.2,16,260,8.23,8.23,0.0,0.0,0.0,0.0,0.0,1.0
14.6,42.1,100,4.3,87,731,26.4,406,9.81,1015,50,1022,0,44,14.6,2023-05-09T09:15:00,0.9,16,260,8.23,8.23,0.0,0.0,1.0,0.0,0.0,0.0
16.1,38.7,26,5.7,90,748,28.3,440,0.0,1015,50,1022,0,436,16.1,2023-05-09T09:30:00,2.5,16,250,7.72,7.72,0.0,0.0,0.0,0.0,0.0,1.0
16.2,35.3,28,5.8,92,766,30.3,473,0.0,1015,50,1022,0,467,16.2,2023-05-09T09:45:00,2.6,16,250,7.72,7.72,0.0,0.0,0.0,0.0,0.0,1.0
16.2,31.9,28,5.5,95,783,32.3,507,0.0,1015,49,1022,0,501,16.2,2023-05-09T10:00:00,2.8,16,250,7.72,7.72,0.0,0.0,0.0,0.0,0.0,1.0
16.2,27.8,28,5.2,97,792,33.5,528,0.0,1015,48,1022,0,522,16.2,2023-05-09T10:15:00,3.0,16,250,7.72,7.72,0.0,0.0,0.0,0.0,0.0,1.0
16.9,23.7,29,5.8,98,800,34.8,548,0.0,1015,48,1022,0,541,16.9,2023-05-09T10:30:00,3.1,16,250,8.23,8.23,0.0,0.0,0.0,0.0,0.0,1.0
17.1,19.6,28,6.0,100,809,36.0,569,0.0,1015,48,1022,0,562,17.1,2023-05-09T10:45:00,3.3,16,250,8.23,8.23,0.0,0.0,0.0,0.0,0.0,1.0
17.1,15.5,28,5.7,101,818,37.3,590,0.0,1015,47,1022,0,583,17.1,2023-05-09T11:00:00,3.4,16,230,8.23,8.23,0.0,0.0,0.0,0.0,0.0,1.0
17.1,101.0,28,5.7,102,820,37.6,595,0.0,1015,47,1022,0,588,17.1,2023-05-09T11:15:00,3.5,16,230,8.23,8.23,0.0,0.0,0.0,0.0,0.0,1.0
17.4,186.5,30,6.3,102,822,38.0,601,0.0,1015,48,1022,0,592,17.4,2023-05-09T11:30:00,3.5,16,200,8.8,8.75,0.0,0.0,0.0,0.0,0.0,1.0
17.6,272.0,30,6.5,102,824,38.3,607,0.0,1015,48,1022,0,598,17.6,2023-05-09T11:45:00,3.5,16,200,8.8,8.75,0.0,0.0,0.0,0.0,0.0,1.0
17.6,357.5,30,6.5,103,826,38.7,612,0.0,1015,48,1022,0,603,17.6,2023-05-09T12:00:00,3.6,16,200,8.8,8.75,0.0,0.0,0.0,0.0,0.0,1.0
17.6,353.0,30,6.8,102,822,38.0,602,0.0,1015,49,1021,0,593,17.6,2023-05-09T12:15:00,3.5,16,200,8.8,8.75,0.0,0.0,0.0,0.0,0.0,1.0
17.6,348.6,30,7.1,101,818,37.4,592,0.0,1015,50,1021,0,583,17.6,2023-05-09T12:30:00,3.4,16,200,8.8,8.75,0.0,0.0,0.0,0.0,0.0,1.0
17.7,344.1,32,7.4,101,815,36.8,582,0.0,1015,51,1021,0,571,17.7,2023-05-09T12:45:00,3.3,16,200,8.8,8.75,0.0,0.0,0.0,0.0,0.0,1.0
17.7,339.7,32,7.7,100,811,36.2,572,0.0,1015,52,1021,0,561,17.7,2023-05-09T13:00:00,3.2,16,200,8.8,8.75,0.0,0.0,0.0,0.0,0.0,1.0
17.7,335.8,32,8.0,98,800,34.7,547,0.0,1014,53,1021,0,537,17.7,2023-05-09T13:15:00,3.0,16,200,8.8,8.75,0.0,0.0,0.0,0.0,0.0,1.0
17.6,331.9,33,8.2,96,789,33.2,523,0.0,1014,54,1021,0,512,17.6,2023-05-09T13:30:00,2.8,16,200,8.23,8.23,0.0,0.0,0.0,0.0,0.0,1.0
17.5,328.0,32,8.1,94,778,31.7,498,0.0,1014,54,1021,0,489,17.5,2023-05-09T13:45:00,2.7,16,200,8.23,8.23,0.0,0.0,0.0,0.0,0.0,1.0
17.5,324.1,32,8.4,93,768,30.3,473,0.0,1014,55,1021,0,464,17.5,2023-05-09T14:00:00,2.5,16,200,8.23,8.23,0.0,0.0,0.0,0.0,0.0,1.0
17.5,320.8,32,8.4,89,747,28.2,437,0.0,1014,55,1021,0,429,17.5,2023-05-09T14:15:00,2.3,16,200,8.23,8.23,0.0,0.0,0.0,0.0,0.0,1.0
17.6,317.6,33,8.2,86,725,26.1,400,0.0,1014,54,1021,0,392,17.6,2023-05-09T14:30:00,2.1,16,200,8.23,8.23,0.0,0.0,0.0,0.0,0.0,1.0
17.6,314.4,34,8.2,83,704,24.0,363,0.0,1014,54,1021,0,355,17.6,2023-05-09T14:45:00,2.0,16,200,7.72,7.72,0.0,0.0,0.0,0.0,0.0,1.0
17.6,311.2,34,8.2,79,683,21.9,327,0.0,1014,54,1021,0,319,17.6,2023-05-09T15:00:00,1.8,16,200,7.72,7.72,0.0,0.0,0.0,0.0,0.0,1.0
17.6,308.5,34,8.2,74,640,19.3,283,0.0,1014,54,1021,0,276,17.6,2023-05-09T15:15:00,1.7,16,200,7.72,7.72,0.0,0.0,0.0,0.0,0.0,1.0
16.9,305.9,35,7.5,68,596,16.8,240,0.0,1014,54,1021,0,234,16.9,2023-05-09T15:30:00,1.6,16,200,7.72,7.72,0.0,0.0,0.0,0.0,0.0,1.0
17.3,303.2,38,8.2,63,553,14.3,196,0.0,1014,55,1021,0,189,17.3,2023-05-09T15:45:00,1.4,16,200,7.72,7.72,0.0,0.0,0.0,0.0,0.0,1.0
17.3,300.6,38,8.2,57,510,11.7,153,0.0,1015,55,1021,0,148,17.3,2023-05-09T16:00:00,1.4,16,200,7.72,7.72,0.0,0.0,0.0,0.0,0.0,1.0
17.3,298.3,38,8.4,45,390,8.9,115,0.0,1015,56,1021,0,111,17.3,2023-05-09T16:15:00,1.3,16,200,7.72,7.72,0.0,0.0,0.0,0.0,0.0,1.0
16.6,296.1,40,8.1,33,270,6.1,78,0.0,1015,57,1021,0,75,16.6,2023-05-09T16:30:00,1.3,16,200,6.7,6.69,0.0,0.0,0.0,0.0,0.0,1.0
16.6,293.9,40,8.3,21,150,3.3,41,0.0,1015,58,1021,0,39,16.6,2023-05-09T16:45:00,1.3,16,210,6.7,6.69,0.0,0.0,0.0,0.0,0.0,1.0
16.6,291.6,40,8.6,9,30,0.5,3,0.0,1015,59,1022,0,12,16.6,2023-05-09T17:00:00,1.3,16,210,6.7,6.69,0.0,0.0,0.0,0.0,0.0,1.0
16.6,289.6,40,8.8,7,23,-2.4,2,0.0,1015,60,1022,0,9,16.6,2023-05-09T17:15:00,0.0,16,210,6.7,6.69,0.0,0.0,0.0,0.0,0.0,1.0
16.6,287.6,40,8.8,5,15,-5.4,2,0.0,1015,60,1022,0,7,16.6,2023-05-09T17:30:00,0.0,16,220,6.7,6.69,0.0,0.0,0.0,0.0,0.0,1.0
15.8,285.6,41,8.1,2,8,-8.4,1,0.0,1015,60,1022,0,3,15.8,2023-05-09T17:45:00,0.0,16,220,6.2,6.17,1.0,0.0,0.0,0.0,0.0,0.0
15.8,283.6,41,8.3,0,0,-11.3,0,0.0,1016,61,1022,0,0,15.8,2023-05-09T18:00:00,0.0,16,220,6.2,6.17,1.0,0.0,0.0,0.0,0.0,0.0
15.8,281.7,41,8.3,0,0,-14.4,0,0.0,1016,61,1022,0,0,15.8,2023-05-09T18:15:00,0.0,16,220,6.2,6.17,1.0,0.0,0.0,0.0,0.0,0.0
15.5,279.7,38,8.3,0,0,-17.5,0,0.0,1016,62,1023,0,0,15.5,2023-05-09T18:30:00,0.0,16,0,4.63,4.63,0.0,0.0,0.0,0.0,0.0,1.0
15.6,277.8,43,8.4,0,0,-20.5,0,0.0,1016,62,1023,0,0,15.6,2023-05-09T18:45:00,0.0,16,0,4.63,4.63,1.0,0.0,0.0,0.0,0.0,0.0
15.6,275.9,43,8.4,0,0,-23.6,0,0.0,1016,62,1023,0,0,15.6,2023-05-09T19:00:00,0.0,16,0,4.63,4.63,1.0,0.0,0.0,0.0,0.0,0.0
15.6,273.8,43,8.4,0,0,-26.7,0,0.0,1016,62,1023,0,0,15.6,2023-05-09T19:15:00,0.0,16,0,4.63,4.63,1.0,0.0,0.0,0.0,0.0,0.0
15.1,271.8,30,7.6,0,0,-29.8,0,0.0,1016,61,1023,0,0,15.1,2023-05-09T19:30:00,0.0,16,0,4.63,4.63,0.0,0.0,0.0,0.0,0.0,1.0
15.1,269.8,30,7.4,0,0,-32.9,0,0.0,1016,60,1023,0,0,15.1,2023-05-09T19:45:00,0.0,16,0,4.63,4.63,0.0,0.0,0.0,0.0,0.0,1.0
14.6,267.7,42,6.9,0,0,-36.1,0,0.0,1017,60,1024,0,0,14.6,2023-05-09T20:00:00,0.0,16,0,5.14,5.14,1.0,0.0,0.0,0.0,0.0,0.0
14.6,265.3,42,6.9,0,0,-39.1,0,0.0,1017,60,1024,0,0,14.6,2023-05-09T20:15:00,0.0,16,0,5.14,5.14,1.0,0.0,0.0,0.0,0.0,0.0
14.6,262.8,42,6.9,0,0,-42.2,0,0.0,1017,60,1024,0,0,14.6,2023-05-09T20:30:00,0.0,16,0,5.14,5.14,1.0,0.0,0.0,0.0,0.0,0.0
14.2,260.4,37,6.8,0,0,-45.3,0,0.0,1017,61,1024,0,0,14.2,2023-05-09T20:45:00,0.0,16,0,5.7,5.66,0.0,0.0,0.0,0.0,0.0,1.0
14.2,257.9,37,6.8,0,0,-48.4,0,0.0,1017,61,1024,0,0,14.2,2023-05-09T21:00:00,0.0,16,0,5.7,5.66,0.0,0.0,0.0,0.0,0.0,1.0
14.2,254.4,37,6.8,0,0,-51.4,0,0.0,1017,61,1024,0,0,14.2,2023-05-09T21:15:00,0.0,16,0,5.7,5.66,0.0,0.0,0.0,0.0,0.0,1.0
13.7,250.9,36,6.3,0,0,-54.3,0,0.0,1017,61,1024,0,0,13.7,2023-05-09T21:30:00,0.0,16,0,4.63,4.63,0.0,0.0,0.0,0.0,0.0,1.0
14.0,247.4,38,6.6,0,0,-57.2,0,0.0,1017,61,1024,0,0,14.0,2023-05-09T21:45:00,0.0,16,0,4.63,4.63,0.0,0.0,0.0,0.0,0.0,1.0
14.0,243.9,38,6.6,0,0,-60.2,0,0.0,1018,61,1024,0,0,14.0,2023-05-09T22:00:00,0.0,16,0,4.63,4.63,0.0,0.0,0.0,0.0,0.0,1.0
14.0,237.5,38,6.6,0,0,-62.6,0,0.0,1017,61,1024,0,0,14.0,2023-05-09T22:15:00,0.0,16,0,4.63,4.63,0.0,0.0,0.0,0.0,0.0,1.0
13.4,231.2,38,5.8,0,0,-65.1,0,0.0,1017,60,1024,0,0,13.4,2023-05-09T22:30:00,0.0,16,0,4.63,4.63,0.0,0.0,0.0,0.0,0.0,1.0
13.4,224.9,38,5.8,0,0,-67.6,0,0.0,1017,60,1024,0,0,13.4,2023-05-09T22:45:00,0.0,16,0,4.63,4.63,0.0,0.0,0.0,0.0,0.0,1.0
13.4,218.6,38,5.8,0,0,-70.0,0,0.0,1017,60,1024,0,0,13.4,2023-05-09T23:00:00,0.0,16,0,5.7,5.66,0.0,0.0,0.0,0.0,0.0,1.0
13.4,207.1,38,5.8,0,0,-70.9,0,0.0,1017,60,1024,0,0,13.4,2023-05-09T23:15:00,0.0,16,0,5.7,5.66,0.0,0.0,0.0,0.0,0.0,1.0
12.8,195.7,40,5.5,0,0,-71.8,0,0.0,1017,61,1024,0,0,12.8,2023-05-09T23:30:00,0.0,16,0,5.7,5.66,0.0,0.0,0.0,0.0,0.0,1.0
12.7,184.3,38,5.6,0,0,-72.7,0,0.0,1017,62,1024,0,0,12.7,2023-05-09T23:45:00,0.0,16,0,5.7,5.66,0.0,0.0,0.0,0.0,0.0,1.0
12.7,172.9,38,5.6,0,0,-73.6,0,0.0,1018,62,1024,0,0,12.7,2023-05-10T00:00:00,0.0,16,0,5.7,5.66,0.0,0.0,0.0,0.0,0.0,1.0
12.7,162.8,38,5.6,0,0,-72.1,0,0.0,1018,62,1024,0,0,12.7,2023-05-10T00:15:00,0.0,16,0,5.7,5.66,0.0,0.0,0.0,0.0,0.0,1.0
12.2,152.7,37,5.4,0,0,-70.6,0,0.0,1018,63,1024,0,0,12.2,2023-05-10T00:30:00,0.0,16,0,4.63,4.63,0.0,0.0,0.0,0.0,0.0,1.0
12.2,142.6,34,5.6,0,0,-69.1,0,0.0,1018,64,1024,0,0,12.2,2023-05-10T00:45:00,0.0,16,0,4.63,4.63,0.0,0.0,0.0,0.0,0.0,1.0
12.2,132.5,34,5.6,0,0,-67.7,0,0.0,1018,64,1024,0,0,12.2,2023-05-10T01:00:00,0.0,16,250,4.63,4.63,0.0,0.0,0.0,0.0,0.0,1.0
12.2,127.2,34,5.4,0,0,-65.0,0,0.0,1018,63,1024,0,0,12.2,2023-05-10T01:15:00,0.0,16,250,4.63,4.63,0.0,0.0,0.0,0.0,0.0,1.0
12.2,122.0,34,5.1,0,0,-62.4,0,0.0,1018,62,1024,0,0,12.2,2023-05-10T01:30:00,0.0,16,0,4.63,4.63,0.0,0.0,0.0,0.0,0.0,1.0
13.1,116.7,18,5.8,0,0,-59.7,0,0.0,1018,61,1024,0,0,13.1,2023-05-10T01:45:00,0.0,16,0,4.63,4.63,0.0,1.0,0.0,0.0,0.0,0.0
13.1,111.4,18,5.5,0,0,-57.0,0,0.0,1018,60,1024,0,0,13.1,2023-05-10T02:00:00,0.0,16,250,4.63,4.63,0.0,1.0,0.0,0.0,0.0,0.0
13.1,108.3,18,5.8,0,0,-54.0,0,0.0,1018,61,1024,0,0,13.1,2023-05-10T02:15:00,0.0,16,250,4.63,4.63,0.0,1.0,0.0,0.0,0.0,0.0
12.2,105.2,38,5.1,0,0,-51.0,0,0.0,1018,62,1024,0,0,12.2,2023-05-10T02:30:00,0.0,16,250,4.63,4.63,0.0,0.0,0.0,0.0,0.0,1.0
12.2,102.1,39,5.1,0,0,-48.0,0,0.0,1018,62,1024,0,0,12.2,2023-05-10T02:45:00,0.0,16,250,5.14,5.14,0.0,0.0,0.0,0.0,0.0,1.0
12.2,99.0,39,5.4,0,0,-45.0,0,0.0,1018,63,1024,0,0,12.2,2023-05-10T03:00:00,0.0,16,260,5.14,5.14,0.0,0.0,0.0,0.0,0.0,1.0
12.2,96.7,39,5.4,0,0,-41.9,0,0.0,1018,63,1024,0,0,12.2,2023-05-10T03:15:00,0.0,16,260,5.14,5.14,0.0,0.0,0.0,0.0,0.0,1.0
11.9,94.4,35,5.3,0,0,-38.8,0,0.0,1018,64,1025,0,0,11.9,2023-05-10T03:30:00,0.0,16,310,4.12,4.12,0.0,0.0,0.0,0.0,0.0,1.0
11.9,92.1,35,5.3,0,0,-35.7,0,0.0,1018,64,1025,0,0,11.9,2023-05-10T03:45:00,0.0,16,310,4.12,4.12,0.0,0.0,0.0,0.0,0.0,1.0
11.7,89.8,29,5.1,0,0,-32.6,0,0.0,1018,64,1025,0,0,11.7,2023-05-10T04:00:00,0.0,16,300,4.12,4.12,0.0,0.0,0.0,0.0,0.0,1.0
11.7,87.8,29,5.6,0,0,-29.5,0,0.0,1018,66,1025,0,0,11.7,2023-05-10T04:15:00,0.0,16,300,4.12,4.12,0.0,0.0,0.0,0.0,0.0,1.0
11.3,85.8,17,5.6,0,0,-26.4,0,0.0,1018,68,1025,0,0,11.3,2023-05-10T04:30:00,0.0,16,320,4.12,4.12,0.0,1.0,0.0,0.0,0.0,0.0
10.6,83.8,17,5.2,0,0,-23.3,0,0.0,1018,69,1025,0,0,10.6,2023-05-10T04:45:00,0.0,16,320,4.63,4.63,0.0,1.0,0.0,0.0,0.0,0.0
10.6,81.9,17,5.6,0,0,-20.2,0,0.0,1018,71,1025,0,0,10.6,2023-05-10T05:00:00,0.0,16,320,4.63,4.63,0.0,1.0,0.0,0.0,0.0,0.0
10.6,79.9,17,5.6,0,0,-17.2,0,0.0,1018,71,1025,0,0,10.6,2023-05-10T05:15:00,0.0,16,320,4.63,4.63,0.0,1.0,0.0,0.0,0.0,0.0
10.5,78.0,25,5.5,0,0,-14.1,0,0.0,1018,71,1025,0,0,10.5,2023-05-10T05:30:00,0.0,16,270,4.63,4.63,0.0,0.0,0.0,0.0,0.0,1.0
10.5,76.1,25,5.5,0,0,-11.1,0,0.0,1018,71,1025,0,0,10.5,2023-05-10T05:45:00,0.0,16,270,4.63,4.63,0.0,0.0,0.0,0.0,0.0,1.0
10.4,74.1,22,5.4,0,0,-8.0,0,0.0,1019,71,1025,0,0,10.4,2023-05-10T06:00:00,0.0,16,270,4.63,4.63,0.0,0.0,0.0,0.0,0.0,1.0
10.4,72.1,22,5.4,7,55,-5.1,8,0.0,1019,71,1025,0,8,10.4,2023-05-10T06:15:00,0.0,16,270,4.63,4.63,0.0,0.0,0.0,0.0,0.0,1.0
10.4,70.0,22,5.2,14,110,-2.2,16,0.0,1019,70,1026,0,16,10.4,2023-05-10T06:30:00,0.0,16,310,4.63,4.63,0.0,0.0,0.0,0.0,0.0,1.0
11.2,67.9,20,5.9,21,166,0.7,25,0.0,1019,70,1026,0,25,11.2,2023-05-10T06:45:00,1.5,16,310,4.63,4.63,0.0,1.0,0.0,0.0,0.0,0.0
10.6,65.9,18,5.4,28,221,3.7,33,0.0,1019,70,1026,0,33,10.6,2023-05-10T07:00:00,1.5,16,300,4.63,4.63,0.0,1.0,0.0,0.0,0.0,0.0
10.6,63.5,18,5.2,37,308,6.4,75,0.0,1019,69,1026,0,75,10.6,2023-05-10T07:15:00,1.6,16,300,4.63,4.63,0.0,1.0,0.0,0.0,0.0,0.0
12.7,61.2,20,7.0,46,396,9.1,117,0.0,1019,68,1027,0,117,12.7,2023-05-10T07:30:00,1.6,16,270,5.14,5.14,0.0,1.0,0.0,0.0,0.0,0.0
12.3,58.9,12,6.1,55,483,11.8,158,0.0,1019,66,1027,0,158,12.3,2023-05-10T07:45:00,1.7,16,270,4.12,4.12,0.0,1.0,0.0,0.0,0.0,0.0
12.3,56.5,12,5.9,64,571,14.6,200,0.0,1020,65,1027,0,200,12.3,2023-05-10T08:00:00,1.8,16,320,4.12,4.12,0.0,1.0,0.0,0.0,0.0,0.0
12.3,53.7,12,5.5,69,606,17.0,242,0.0,1020,63,1027,0,242,12.3,2023-05-10T08:15:00,1.9,16,320,4.12,4.12,0.0,1.0,0.0,0.0,0.0,0.0
14.6,50.9,19,7.4,74,641,19.4,285,0.0,1020,62,1027,0,284,14.6,2023-05-10T08:30:00,1.9,16,300,4.63,4.63,0.0,1.0,0.0,0.0,0.0,0.0
14.6,48.1,19,6.9,79,676,21.8,327,0.0,1020,60,1027,0,326,14.6,2023-05-10T08:45:00,2.1,16,300,4.63,4.63,0.0,1.0,0.0,0.0,0.0,0.0
14.6,45.4,17,6.4,83,711,24.2,369,0.0,1020,58,1027,0,368,14.6,2023-05-10T09:00:00,2.3,16,320,4.63,4.63,0.0,1.0,0.0,0.0,0.0,0.0
14.6,41.9,17,6.2,86,728,26.2,402,0.0,1020,57,1027,0,401,14.6,2023-05-10T09:15:00,2.4,16,320,4.63,4.63,0.0,1.0,0.0,0.0,0.0,0.0
16.3,38.5,18,7.5,89,746,28.1,436,0.0,1020,56,1027,0,435,16.3,2023-05-10T09:30:00,2.6,16,270,5.14,5.14,0.0,1.0,0.0,0.0,0.0,0.0
16.4,35.1,21,7.3,92,764,30.1,469,0.0,1020,55,1027,0,467,16.4,2023-05-10T09:45:00,2.7,16,270,5.14,5.14,0.0,0.0,0.0,0.0,0.0,1.0
16.4,31.7,21,7.1,95,781,32.0,503,0.0,1021,54,1027,0,501,16.4,2023-05-10T10:00:00,3.0,16,250,5.14,5.14,0.0,0.0,0.0,0.0,0.0,1.0
16.4,27.7,21,7.1,96,790,33.3,523,0.0,1020,54,1027,0,521,16.4,2023-05-10T10:15:00,3.1,16,250,5.14,5.14,0.0,0.0,0.0,0.0,0.0,1.0
17.4,23.6,22,8.0,98,798,34.5,544,0.0,1020,54,1027,0,541,17.4,2023-05-10T10:30:00,3.2,16,220,5.14,5.14,0.0,0.0,0.0,0.0,0.0,1.0
17.4,19.5,22,8.0,99,807,35.8,565,0.0,1020,54,1027,0,562,17.4,2023-05-10T10:45:00,3.4,16,220,5.14,5.14,0.0,0.0,0.0,0.0,0.0,1.0
17.4,15.5,21,8.0,101,816,37.0,585,0.0,1020,54,1027,0,582,17.4,2023-05-10T11:00:00,3.6,16,190,4.63,4.63,0.0,0.0,0.0,0.0,0.0,1.0
17.4,101.0,21,8.0,101,818,37.4,591,0.0,1020,54,1027,0,588,17.4,2023-05-10T11:15:00,3.6,16,190,4.63,4.63,0.0,0.0,0.0,0.0,0.0,1.0
17.4,186.5,21,8.0,102,820,37.7,597,0.0,1020,54,1027,0,594,17.4,2023-05-10T11:30:00,3.7,16,200,4.63,4.63,0.0,0.0,0.0,0.0,0.0,1.0
18.0,272.0,19,8.6,102,822,38.1,602,0.0,1020,54,1026,0,600,18.0,2023-05-10T11:45:00,3.8,16,200,5.7,5.66,0.0,1.0,0.0,0.0,0.0,0.0
18.2,357.5,19,8.7,102,824,38.4,608,0.0,1020,54,1026,0,606,18.2,2023-05-10T12:00:00,3.9,16,0,5.14,5.14,0.0,1.0,0.0,0.0,0.0,0.0
18.2,353.0,19,8.7,102,820,37.8,598,0.0,1019,54,1026,0,596,18.2,2023-05-10T12:15:00,3.8,16,0,5.14,5.14,0.0,1.0,0.0,0.0,0.0,0.0
18.2,348.6,19,9.0,101,816,37.2,588,0.0,1019,55,1026,0,586,18.2,2023-05-10T12:30:00,3.7,16,0,5.7,5.66,0.0,1.0,0.0,0.0,0.0,0.0
18.2,344.2,21,9.3,100,813,36.5,578,0.0,1019,56,1025,0,575,18.2,2023-05-10T12:45:00,3.5,16,0,5.7,5.66,0.0,0.0,0.0,0.0,0.0,1.0
18.2,339.8,21,9.3,100,809,35.9,568,0.0,1019,56,1025,0,565,18.2,2023-05-10T13:00:00,3.5,16,0,5.7,5.66,0.0,0.0,0.0,0.0,0.0,1.0
18.2,335.9,21,9.0,98,798,34.5,543,0.0,1019,55,1025,0,541,18.2,2023-05-10T13:15:00,3.3,16,0,5.7,5.66,0.0,0.0,0.0,0.0,0.0,1.0
18.2,332.0,21,8.7,96,787,33.0,518,0.0,1019,54,1025,0,516,18.2,2023-05-10T13:30:00,3.1,16,0,5.7,5.66,0.0,0.0,0.0,0.0,0.0,1.0
18.2,328.1,21,8.2,94,776,31.5,494,0.0,1019,52,1025,0,492,18.2,2023-05-10T13:45:00,2.9,16,0,5.7,5.66,0.0,0.0,0.0,0.0,0.0,1.0
17.7,324.2,19,8.2,92,766,30.0,469,0.0,1019,51,1025,0,468,18.5,2023-05-10T14:00:00,2.8,16,0,5.14,5.14,0.0,1.0,0.0,0.0,0.0,0.0
17.8,321.0,19,8.5,89,744,27.9,433,0.0,1019,52,1025,0,432,18.5,2023-05-10T14:15:00,2.6,16,0,5.14,5.14,0.0,1.0,0.0,0.0,0.0,0.0
18.2,317.8,21,8.2,86,723,25.8,396,0.0,1019,52,1025,0,394,18.2,2023-05-10T14:30:00,2.3,16,0,5.14,5.14,0.0,0.0,0.0,0.0,0.0,1.0
17.8,314.6,20,8.7,82,701,23.7,360,0.0,1019,53,1025,0,359,18.5,2023-05-10T14:45:00,2.2,16,0,5.7,5.66,0.0,1.0,0.0,0.0,0.0,0.0
17.8,311.4,20,9.0,79,680,21.6,323,0.0,1019,54,1025,0,322,18.5,2023-05-10T15:00:00,2.0,16,0,5.7,5.66,0.0,1.0,0.0,0.0,0.0,0.0
17.8,308.7,20,9.3,73,636,19.1,280,0.0,1019,55,1025,0,279,18.5,2023-05-10T15:15:00,1.9,16,0,5.7,5.66,0.0,1.0,0.0,0.0,0.0,0.0
17.8,306.1,19,8.9,68,593,16.6,236,0.0,1019,56,1025,0,235,17.8,2023-05-10T15:30:00,1.8,16,0,5.7,5.66,0.0,1.0,0.0,0.0,0.0,0.0
17.8,303.4,19,9.2,62,549,14.1,193,0.0,1019,57,1025,0,192,17.8,2023-05-10T15:45:00,1.7,16,0,5.7,5.66,0.0,1.0,0.0,0.0,0.0,0.0
17.9,300.8,23,9.5,56,505,11.6,150,0.0,1019,58,1025,0,149,17.9,2023-05-10T16:00:00,1.6,16,0,5.7,5.66,0.0,0.0,0.0,0.0,0.0,1.0
17.9,298.5,23,10.0,44,385,8.8,113,0.0,1019,60,1025,0,112,17.9,2023-05-10T16:15:00,1.5,16,0,5.7,5.66,0.0,0.0,0.0,0.0,0.0,1.0
17.9,296.3,23,10.5,32,264,6.0,76,0.0,1019,62,1025,0,73,17.9,2023-05-10T16:30:00,1.5,16,0,5.7,5.66,0.0,0.0,0.0,0.0,0.0,1.0
17.1,294.1,26,10.0,20,143,3.2,39,0.0,1019,63,1025,0,39,17.1,2023-05-10T16:45:00,1.4,16,0,5.14,5.14,0.0,0.0,0.0,0.0,0.0,1.0
16.7,291.8,26,10.1,8,22,0.4,2,0.0,1019,65,1025,0,10,16.7,2023-05-10T17:00:00,1.4,16,0,4.63,4.63,0.0,0.0,0.0,0.0,0.0,1.0
16.7,289.8,26,10.3,6,16,-2.6,2,0.0,1019,66,1025,0,8,16.7,2023-05-10T17:15:00,0.0,16,0,4.63,4.63,0.0,0.0,0.0,0.0,0.0,1.0
16.3,287.8,16,9.9,4,11,-5.6,1,0.0,1019,66,1026,0,5,16.3,2023-05-10T17:30:00,0.0,16,150,4.12,4.12,0.0,1.0,0.0,0.0,0.0,0.0
16.2,285.8,14,10.1,2,5,-8.5,1,0.0,1019,67,1026,0,3,16.2,2023-05-10T17:45:00,0.0,16,150,4.12,4.12,0.0,1.0,0.0,0.0,0.0,0.0
16.2,283.8,14,10.3,0,0,-11.5,0,0.0,1020,68,1026,0,0,16.2,2023-05-10T18:00:00,0.0,16,150,4.12,4.12,0.0,1.0,0.0,0.0,0.0,0.0
16.2,281.9,14,10.3,0,0,-14.5,0,0.0,1020,68,1026,0,0,16.2,2023-05-10T18:15:00,0.0,16,150,4.12,4.12,0.0,1.0,0.0,0.0,0.0,0.0
16.0,280.0,19,10.1,0,0,-17.6,0,0.0,1020,68,1027,0,0,16.0,2023-05-10T18:30:00,0.0,16,150,3.6,3.6,0.0,1.0,0.0,0.0,0.0,0.0
16.0,278.0,19,10.3,0,0,-20.7,0,0.0,1020,69,1027,0,0,16.0,2023-05-10T18:45:00,0.0,16,150,3.6,3.6,0.0,1.0,0.0,0.0,0.0,0.0
16.1,276.1,21,10.4,0,0,-23.7,0,0.0,1020,69,1027,0,0,16.1,2023-05-10T19:00:00,0.0,16,0,3.6,3.6,0.0,0.0,0.0,0.0,0.0,1.0
16.1,274.1,21,10.2,0,0,-26.9,0,0.0,1020,68,1027,0,0,16.1,2023-05-10T19:15:00,0.0,16,0,3.6,3.6,0.0,0.0,0.0,0.0,0.0,1.0
15.5,272.1,28,9.6,0,0,-30.0,0,0.0,1020,68,1027,0,0,15.5,2023-05-10T19:30:00,0.0,16,0,3.6,3.6,0.0,0.0,0.0,0.0,0.0,1.0
15.5,270.0,28,9.6,0,0,-33.1,0,0.0,1020,68,1027,0,0,15.5,2023-05-10T19:45:00,0.0,16,0,3.6,3.6,0.0,0.0,0.0,0.0,0.0,1.0
16.1,268.0,33,10.0,0,0,-36.2,0,0.0,1020,67,1027,0,0,16.1,2023-05-10T20:00:00,0.0,16,0,3.6,3.6,0.0,0.0,0.0,0.0,0.0,1.0
16.1,265.6,33,10.2,0,0,-39.3,0,0.0,1020,68,1027,0,0,16.1,2023-05-10T20:15:00,0.0,16,0,3.6,3.6,0.0,0.0,0.0,0.0,0.0,1.0
15.3,263.1,20,9.4,0,0,-42.4,0,0.0,1020,68,1027,0,0,15.3,2023-05-10T20:30:00,0.0,16,0,3.6,3.6,0.0,1.0,0.0,0.0,0.0,0.0
15.5,260.7,20,9.8,0,0,-45.5,0,0.0,1020,69,1027,0,0,15.5,2023-05-10T20:45:00,0.0,16,0,3.1,3.09,0.0,1.0,0.0,0.0,0.0,0.0
15.5,258.3,20,10.1,0,0,-48.6,0,0.0,1021,70,1027,0,0,15.5,2023-05-10T21:00:00,0.0,16,190,3.1,3.09,0.0,1.0,0.0,0.0,0.0,0.0
15.5,254.8,20,10.1,0,0,-51.5,0,0.0,1021,70,1027,0,0,15.5,2023-05-10T21:15:00,0.0,16,190,3.1,3.09,0.0,1.0,0.0,0.0,0.0,0.0
14.8,251.3,24,9.4,0,0,-54.5,0,0.0,1021,70,1028,0,0,14.8,2023-05-10T21:30:00,0.0,16,220,3.1,3.09,0.0,0.0,0.0,0.0,0.0,1.0
14.8,247.8,24,9.6,0,0,-57.4,0,0.0,1021,71,1028,0,0,14.8,2023-05-10T21:45:00,0.0,16,220,3.1,3.09,0.0,0.0,0.0,0.0,0.0,1.0
15.0,244.3,28,9.8,0,0,-60.4,0,0.0,1021,71,1028,0,0,15.0,2023-05-10T22:00:00,0.0,16,240,3.1,3.09,0.0,0.0,0.0,0.0,0.0,1.0
15.0,237.9,28,10.0,0,0,-62.8,0,0.0,1021,72,1028,0,0,15.0,2023-05-10T22:15:00,0.0,16,240,3.1,3.09,0.0,0.0,0.0,0.0,0.0,1.0
14.1,231.6,35,9.1,0,0,-65.3,0,0.0,1021,72,1028,0,0,14.1,2023-05-10T22:30:00,0.0,16,270,3.1,3.09,0.0,0.0,0.0,0.0,0.0,1.0
14.1,225.3,35,9.1,0,0,-67.8,0,0.0,1021,72,1027,0,0,14.1,2023-05-10T22:45:00,0.0,16,270,3.1,3.09,0.0,0.0,0.0,0.0,0.0,1.0
14.3,219.0,35,9.5,0,0,-70.3,0,0.0,1021,73,1027,0,0,14.3,2023-05-10T23:00:00,0.0,16,290,3.6,3.6,0.0,0.0,0.0,0.0,0.0,1.0
14.3,207.4,35,9.7,0,0,-71.2,0,0.0,1021,74,1027,0,0,14.3,2023-05-10T23:15:00,0.0,16,290,3.6,3.6,0.0,0.0,0.0,0.0,0.0,1.0
13.3,195.9,27,8.8,0,0,-72.1,0,0.0,1021,74,1027,0,0,13.3,2023-05-10T23:30:00,0.0,16,290,3.6,3.6,0.0,0.0,0.0,0.0,0.0,1.0
13.3,184.3,27,8.8,0,0,-73.0,0,0.0,1021,74,1027,0,0,13.3,2023-05-10T23:45:00,0.0,16,290,3.6,3.6,0.0,0.0,0.0,0.0,0.0,1.0
